timestamp,index,name,utilization.gpu,power.draw,memory.used
2026/06/19 15:40:38.320, 0, NVIDIA A40, 0, 15.13, 0
2026/06/19 15:40:38.829, 0, NVIDIA A40, 0, 23.01, 3
2026/06/19 15:40:39.336, 0, NVIDIA A40, 3, 51.20, 0
2026/06/19 15:40:39.839, 0, NVIDIA A40, 0, 81.64, 0
2026/06/19 15:40:40.342, 0, NVIDIA A40, 0, 82.45, 0
2026/06/19 15:40:40.845, 0, NVIDIA A40, 0, 82.45, 0
2026/06/19 15:40:41.348, 0, NVIDIA A40, 0, 62.58, 0
2026/06/19 15:40:41.855, 0, NVIDIA A40, 0, 62.58, 0
2026/06/19 15:40:42.363, 0, NVIDIA A40, 0, 15.43, 0
2026/06/19 15:40:42.870, 0, NVIDIA A40, 0, 15.43, 0
2026/06/19 15:40:43.377, 0, NVIDIA A40, 0, 15.48, 0
2026/06/19 15:40:43.885, 0, NVIDIA A40, 0, 15.48, 0
2026/06/19 15:40:44.392, 0, NVIDIA A40, 0, 15.38, 0
2026/06/19 15:40:44.900, 0, NVIDIA A40, 0, 15.38, 0
2026/06/19 15:40:45.407, 0, NVIDIA A40, 0, 15.24, 0
2026/06/19 15:40:45.914, 0, NVIDIA A40, 0, 15.24, 0
2026/06/19 15:40:46.421, 0, NVIDIA A40, 0, 15.29, 0
2026/06/19 15:40:46.929, 0, NVIDIA A40, 0, 15.29, 0
2026/06/19 15:40:47.436, 0, NVIDIA A40, 0, 15.34, 0
2026/06/19 15:40:47.944, 0, NVIDIA A40, 0, 15.34, 0
2026/06/19 15:40:48.451, 0, NVIDIA A40, 0, 15.44, 0
2026/06/19 15:40:48.959, 0, NVIDIA A40, 0, 15.44, 0
2026/06/19 15:40:49.466, 0, NVIDIA A40, 0, 15.73, 0
2026/06/19 15:40:49.974, 0, NVIDIA A40, 0, 15.73, 0
2026/06/19 15:40:50.481, 0, NVIDIA A40, 0, 15.58, 0
2026/06/19 15:40:50.989, 0, NVIDIA A40, 0, 15.58, 0
2026/06/19 15:40:51.496, 0, NVIDIA A40, 0, 15.34, 0
2026/06/19 15:40:52.004, 0, NVIDIA A40, 0, 15.34, 0
2026/06/19 15:40:52.511, 0, NVIDIA A40, 0, 15.53, 0
2026/06/19 15:40:53.019, 0, NVIDIA A40, 0, 15.53, 0
2026/06/19 15:40:53.526, 0, NVIDIA A40, 0, 15.29, 0
2026/06/19 15:40:54.033, 0, NVIDIA A40, 0, 15.29, 0
2026/06/19 15:40:54.541, 0, NVIDIA A40, 0, 15.14, 0
2026/06/19 15:40:55.048, 0, NVIDIA A40, 0, 15.14, 0
2026/06/19 15:40:55.556, 0, NVIDIA A40, 0, 15.29, 0
2026/06/19 15:40:56.063, 0, NVIDIA A40, 0, 15.29, 0
2026/06/19 15:40:56.570, 0, NVIDIA A40, 0, 15.24, 0
2026/06/19 15:40:57.078, 0, NVIDIA A40, 0, 15.24, 0
2026/06/19 15:40:57.585, 0, NVIDIA A40, 0, 15.43, 0
2026/06/19 15:40:58.092, 0, NVIDIA A40, 0, 15.43, 0
2026/06/19 15:40:58.599, 0, NVIDIA A40, 0, 15.63, 0
2026/06/19 15:40:59.106, 0, NVIDIA A40, 0, 15.63, 0
2026/06/19 15:40:59.613, 0, NVIDIA A40, 0, 15.44, 0
2026/06/19 15:41:00.121, 0, NVIDIA A40, 0, 15.44, 0
2026/06/19 15:41:00.628, 0, NVIDIA A40, 0, 15.82, 0
2026/06/19 15:41:01.135, 0, NVIDIA A40, 0, 15.82, 0
2026/06/19 15:41:01.642, 0, NVIDIA A40, 0, 15.48, 0
2026/06/19 15:41:02.149, 0, NVIDIA A40, 0, 15.48, 0
2026/06/19 15:41:02.656, 0, NVIDIA A40, 0, 15.14, 0
2026/06/19 15:41:03.164, 0, NVIDIA A40, 0, 15.14, 0
2026/06/19 15:41:03.671, 0, NVIDIA A40, 0, 15.14, 0
2026/06/19 15:41:04.179, 0, NVIDIA A40, 0, 15.14, 0
2026/06/19 15:41:04.686, 0, NVIDIA A40, 0, 15.19, 0
2026/06/19 15:41:05.193, 0, NVIDIA A40, 0, 15.19, 0
2026/06/19 15:41:05.701, 0, NVIDIA A40, 0, 15.48, 0
2026/06/19 15:41:06.208, 0, NVIDIA A40, 0, 15.48, 0
2026/06/19 15:41:06.716, 0, NVIDIA A40, 0, 16.31, 0
2026/06/19 15:41:07.223, 0, NVIDIA A40, 0, 16.31, 0
2026/06/19 15:41:07.731, 0, NVIDIA A40, 0, 16.26, 0
2026/06/19 15:41:08.238, 0, NVIDIA A40, 0, 16.26, 0
2026/06/19 15:41:08.746, 0, NVIDIA A40, 0, 17.19, 0
2026/06/19 15:41:09.253, 0, NVIDIA A40, 0, 16.80, 0
2026/06/19 15:41:09.761, 0, NVIDIA A40, 0, 16.80, 0
2026/06/19 15:41:10.268, 0, NVIDIA A40, 0, 15.39, 0
2026/06/19 15:41:10.776, 0, NVIDIA A40, 0, 15.39, 0
2026/06/19 15:41:11.283, 0, NVIDIA A40, 0, 15.39, 0
2026/06/19 15:41:11.791, 0, NVIDIA A40, 0, 15.39, 0
2026/06/19 15:41:12.298, 0, NVIDIA A40, 0, 15.39, 0
2026/06/19 15:41:12.806, 0, NVIDIA A40, 0, 15.39, 0
2026/06/19 15:41:13.313, 0, NVIDIA A40, 0, 23.44, 0
2026/06/19 15:41:13.821, 0, NVIDIA A40, 0, 29.41, 3
2026/06/19 15:41:14.329, 0, NVIDIA A40, 0, 24.38, 3
2026/06/19 15:41:14.836, 0, NVIDIA A40, 0, 23.64, 3
2026/06/19 15:41:15.346, 0, NVIDIA A40, 0, 18.64, 3
2026/06/19 15:41:15.858, 0, NVIDIA A40, 0, 18.64, 3
2026/06/19 15:41:16.368, 0, NVIDIA A40, 0, 15.24, 3
2026/06/19 15:41:16.880, 0, NVIDIA A40, 0, 15.24, 3
2026/06/19 15:41:17.390, 0, NVIDIA A40, 0, 15.29, 3
2026/06/19 15:41:17.902, 0, NVIDIA A40, 0, 15.29, 3
2026/06/19 15:41:18.411, 0, NVIDIA A40, 0, 15.48, 3
2026/06/19 15:41:18.923, 0, NVIDIA A40, 0, 15.48, 3
2026/06/19 15:41:19.433, 0, NVIDIA A40, 0, 15.48, 3
2026/06/19 15:41:19.945, 0, NVIDIA A40, 0, 15.48, 3
2026/06/19 15:41:20.454, 0, NVIDIA A40, 0, 15.73, 3
2026/06/19 15:41:20.966, 0, NVIDIA A40, 0, 15.73, 3
2026/06/19 15:41:21.476, 0, NVIDIA A40, 0, 15.78, 3
2026/06/19 15:41:21.988, 0, NVIDIA A40, 0, 15.78, 3
2026/06/19 15:41:22.498, 0, NVIDIA A40, 0, 15.78, 3
2026/06/19 15:41:23.009, 0, NVIDIA A40, 0, 15.78, 3
2026/06/19 15:41:23.519, 0, NVIDIA A40, 0, 15.53, 3
2026/06/19 15:41:24.031, 0, NVIDIA A40, 0, 15.53, 3
2026/06/19 15:41:24.541, 0, NVIDIA A40, 0, 15.29, 3
2026/06/19 15:41:25.052, 0, NVIDIA A40, 0, 15.29, 3
2026/06/19 15:41:25.562, 0, NVIDIA A40, 0, 31.08, 771
2026/06/19 15:41:26.065, 0, NVIDIA A40, 3, 47.23, 1755
2026/06/19 15:41:26.570, 0, NVIDIA A40, 1, 94.96, 1767
2026/06/19 15:41:27.073, 0, NVIDIA A40, 0, 94.08, 1767
2026/06/19 15:41:27.577, 0, NVIDIA A40, 0, 86.92, 1767
2026/06/19 15:41:28.080, 0, NVIDIA A40, 0, 86.92, 1767
2026/06/19 15:41:28.583, 0, NVIDIA A40, 0, 80.73, 1767
2026/06/19 15:41:29.086, 0, NVIDIA A40, 0, 80.73, 1767
2026/06/19 15:41:29.589, 0, NVIDIA A40, 0, 81.04, 1767
2026/06/19 15:41:30.092, 0, NVIDIA A40, 0, 81.04, 1767
2026/06/19 15:41:30.596, 0, NVIDIA A40, 0, 81.19, 1767
2026/06/19 15:41:31.099, 0, NVIDIA A40, 0, 81.19, 1767
2026/06/19 15:41:31.602, 0, NVIDIA A40, 34, 92.09, 1767
2026/06/19 15:41:32.105, 0, NVIDIA A40, 0, 89.25, 1767
2026/06/19 15:41:32.608, 0, NVIDIA A40, 0, 88.34, 1767
2026/06/19 15:41:33.111, 0, NVIDIA A40, 0, 88.34, 1767
2026/06/19 15:41:33.614, 0, NVIDIA A40, 0, 81.69, 1767
2026/06/19 15:41:34.117, 0, NVIDIA A40, 0, 81.69, 1767
2026/06/19 15:41:34.620, 0, NVIDIA A40, 0, 81.44, 1767
2026/06/19 15:41:35.123, 0, NVIDIA A40, 0, 81.44, 1767
2026/06/19 15:41:35.627, 0, NVIDIA A40, 0, 81.25, 1767
2026/06/19 15:41:36.130, 0, NVIDIA A40, 0, 81.25, 1767
2026/06/19 15:41:36.633, 0, NVIDIA A40, 0, 81.44, 1767
2026/06/19 15:41:37.136, 0, NVIDIA A40, 0, 90.11, 1767
2026/06/19 15:41:37.639, 0, NVIDIA A40, 0, 94.40, 1767
2026/06/19 15:41:38.142, 0, NVIDIA A40, 0, 86.16, 1767
2026/06/19 15:41:38.646, 0, NVIDIA A40, 0, 86.16, 1767
2026/06/19 15:41:39.149, 0, NVIDIA A40, 0, 82.13, 1767
2026/06/19 15:41:39.652, 0, NVIDIA A40, 0, 82.13, 1767
2026/06/19 15:41:40.155, 0, NVIDIA A40, 0, 82.07, 1767
2026/06/19 15:41:40.658, 0, NVIDIA A40, 0, 82.07, 1767
2026/06/19 15:41:41.161, 0, NVIDIA A40, 0, 82.12, 1767
2026/06/19 15:41:41.664, 0, NVIDIA A40, 0, 82.12, 1767
2026/06/19 15:41:42.167, 0, NVIDIA A40, 0, 85.19, 1767
2026/06/19 15:41:42.673, 0, NVIDIA A40, 0, 88.27, 1767
2026/06/19 15:41:43.176, 0, NVIDIA A40, 0, 91.60, 1767
2026/06/19 15:41:43.680, 0, NVIDIA A40, 0, 88.73, 1767
2026/06/19 15:41:44.183, 0, NVIDIA A40, 0, 88.73, 1767
2026/06/19 15:41:44.686, 0, NVIDIA A40, 0, 82.11, 1767
2026/06/19 15:41:45.190, 0, NVIDIA A40, 0, 82.11, 1767
2026/06/19 15:41:45.693, 0, NVIDIA A40, 0, 82.26, 1767
2026/06/19 15:41:46.196, 0, NVIDIA A40, 0, 82.26, 1767
2026/06/19 15:41:46.700, 0, NVIDIA A40, 0, 82.25, 1767
2026/06/19 15:41:47.203, 0, NVIDIA A40, 0, 82.25, 1767
2026/06/19 15:41:47.706, 0, NVIDIA A40, 30, 90.06, 1767
2026/06/19 15:41:48.210, 0, NVIDIA A40, 0, 88.30, 1767
2026/06/19 15:41:48.713, 0, NVIDIA A40, 0, 89.66, 1767
2026/06/19 15:41:49.216, 0, NVIDIA A40, 0, 89.66, 1767
2026/06/19 15:41:49.720, 0, NVIDIA A40, 0, 82.04, 1767
2026/06/19 15:41:50.223, 0, NVIDIA A40, 0, 82.04, 1767
2026/06/19 15:41:50.726, 0, NVIDIA A40, 0, 82.17, 1767
2026/06/19 15:41:51.229, 0, NVIDIA A40, 0, 82.17, 1767
2026/06/19 15:41:51.733, 0, NVIDIA A40, 0, 82.27, 1767
2026/06/19 15:41:52.236, 0, NVIDIA A40, 0, 82.27, 1767
2026/06/19 15:41:52.740, 0, NVIDIA A40, 0, 82.37, 1767
2026/06/19 15:41:53.243, 0, NVIDIA A40, 14, 94.34, 1767
2026/06/19 15:41:53.746, 0, NVIDIA A40, 0, 100.20, 1767
2026/06/19 15:41:54.249, 0, NVIDIA A40, 0, 90.46, 1767
2026/06/19 15:41:54.753, 0, NVIDIA A40, 0, 90.46, 1767
2026/06/19 15:41:55.256, 0, NVIDIA A40, 0, 83.20, 1767
2026/06/19 15:41:55.759, 0, NVIDIA A40, 0, 83.20, 1767
2026/06/19 15:41:56.262, 0, NVIDIA A40, 0, 83.09, 1767
2026/06/19 15:41:56.766, 0, NVIDIA A40, 0, 83.09, 1767
2026/06/19 15:41:57.269, 0, NVIDIA A40, 0, 83.09, 1767
2026/06/19 15:41:57.773, 0, NVIDIA A40, 0, 83.09, 1767
2026/06/19 15:41:58.276, 0, NVIDIA A40, 0, 83.15, 1767
2026/06/19 15:41:58.779, 0, NVIDIA A40, 36, 92.67, 1767
2026/06/19 15:41:59.282, 0, NVIDIA A40, 0, 97.33, 1767
2026/06/19 15:41:59.786, 0, NVIDIA A40, 0, 90.82, 1767
2026/06/19 15:42:00.289, 0, NVIDIA A40, 0, 90.82, 1767
2026/06/19 15:42:00.793, 0, NVIDIA A40, 0, 83.16, 1767
2026/06/19 15:42:01.296, 0, NVIDIA A40, 0, 83.16, 1767
2026/06/19 15:42:01.800, 0, NVIDIA A40, 0, 83.13, 1767
2026/06/19 15:42:02.303, 0, NVIDIA A40, 0, 83.13, 1767
2026/06/19 15:42:02.806, 0, NVIDIA A40, 0, 83.13, 1767
2026/06/19 15:42:03.309, 0, NVIDIA A40, 0, 83.13, 1767
2026/06/19 15:42:03.813, 0, NVIDIA A40, 0, 83.09, 1767
2026/06/19 15:42:04.316, 0, NVIDIA A40, 25, 92.81, 1767
2026/06/19 15:42:04.820, 0, NVIDIA A40, 0, 97.75, 1767
2026/06/19 15:42:05.323, 0, NVIDIA A40, 0, 90.36, 1767
2026/06/19 15:42:05.827, 0, NVIDIA A40, 0, 90.36, 1767
2026/06/19 15:42:06.330, 0, NVIDIA A40, 0, 83.67, 1767
2026/06/19 15:42:06.833, 0, NVIDIA A40, 0, 83.67, 1767
2026/06/19 15:42:07.337, 0, NVIDIA A40, 0, 83.68, 1767
2026/06/19 15:42:07.840, 0, NVIDIA A40, 0, 83.68, 1767
2026/06/19 15:42:08.343, 0, NVIDIA A40, 0, 83.78, 1767
2026/06/19 15:42:08.847, 0, NVIDIA A40, 0, 83.78, 1767
2026/06/19 15:42:09.350, 0, NVIDIA A40, 0, 83.83, 1767
2026/06/19 15:42:09.853, 0, NVIDIA A40, 6, 94.25, 1767
2026/06/19 15:42:10.357, 0, NVIDIA A40, 0, 98.73, 1767
2026/06/19 15:42:10.860, 0, NVIDIA A40, 0, 91.17, 1767
2026/06/19 15:42:11.364, 0, NVIDIA A40, 0, 91.17, 1767
2026/06/19 15:42:11.867, 0, NVIDIA A40, 0, 83.64, 1767
2026/06/19 15:42:12.370, 0, NVIDIA A40, 0, 83.64, 1767
2026/06/19 15:42:12.874, 0, NVIDIA A40, 0, 83.66, 1767
2026/06/19 15:42:13.377, 0, NVIDIA A40, 0, 83.66, 1767
2026/06/19 15:42:13.880, 0, NVIDIA A40, 0, 83.72, 1767
2026/06/19 15:42:14.383, 0, NVIDIA A40, 0, 83.72, 1767
2026/06/19 15:42:14.887, 0, NVIDIA A40, 0, 86.05, 1767
2026/06/19 15:42:15.392, 0, NVIDIA A40, 1, 92.87, 1767
2026/06/19 15:42:15.896, 0, NVIDIA A40, 0, 97.02, 1767
2026/06/19 15:42:16.399, 0, NVIDIA A40, 0, 91.02, 1767
2026/06/19 15:42:16.903, 0, NVIDIA A40, 0, 91.02, 1767
2026/06/19 15:42:17.406, 0, NVIDIA A40, 0, 83.78, 1767
2026/06/19 15:42:17.909, 0, NVIDIA A40, 0, 83.78, 1767
2026/06/19 15:42:18.412, 0, NVIDIA A40, 0, 83.74, 1767
2026/06/19 15:42:18.916, 0, NVIDIA A40, 0, 83.74, 1767
2026/06/19 15:42:19.419, 0, NVIDIA A40, 0, 83.79, 1767
2026/06/19 15:42:19.922, 0, NVIDIA A40, 0, 83.79, 1767
2026/06/19 15:42:20.425, 0, NVIDIA A40, 0, 84.85, 361
2026/06/19 15:42:20.929, 0, NVIDIA A40, 0, 84.83, 361
2026/06/19 15:42:21.432, 0, NVIDIA A40, 0, 85.49, 0
2026/06/19 15:42:21.935, 0, NVIDIA A40, 0, 85.34, 0
2026/06/19 15:42:22.438, 0, NVIDIA A40, 0, 85.30, 0
2026/06/19 15:42:22.941, 0, NVIDIA A40, 0, 85.30, 0
2026/06/19 15:42:23.447, 0, NVIDIA A40, 0, 63.92, 0
2026/06/19 15:42:23.950, 0, NVIDIA A40, 0, 63.92, 0
2026/06/19 15:42:24.454, 0, NVIDIA A40, 0, 61.56, 0
2026/06/19 15:42:24.957, 0, NVIDIA A40, 0, 61.56, 0
2026/06/19 15:42:25.461, 0, NVIDIA A40, 2, 70.80, 285
2026/06/19 15:42:25.964, 0, NVIDIA A40, 5, 75.71, 285
2026/06/19 15:42:26.467, 0, NVIDIA A40, 13, 88.49, 285
2026/06/19 15:42:26.971, 0, NVIDIA A40, 18, 92.77, 287
2026/06/19 15:42:27.474, 0, NVIDIA A40, 7, 92.07, 287
2026/06/19 15:42:27.978, 0, NVIDIA A40, 17, 93.40, 287
2026/06/19 15:42:28.481, 0, NVIDIA A40, 16, 93.21, 287
2026/06/19 15:42:28.984, 0, NVIDIA A40, 16, 92.58, 287
2026/06/19 15:42:29.487, 0, NVIDIA A40, 13, 92.28, 287
2026/06/19 15:42:29.991, 0, NVIDIA A40, 14, 94.45, 287
2026/06/19 15:42:30.494, 0, NVIDIA A40, 11, 98.82, 307
2026/06/19 15:42:30.998, 0, NVIDIA A40, 11, 104.52, 307
2026/06/19 15:42:31.501, 0, NVIDIA A40, 18, 114.11, 307
2026/06/19 15:42:32.004, 0, NVIDIA A40, 5, 114.66, 307
2026/06/19 15:42:32.508, 0, NVIDIA A40, 3, 99.83, 307
2026/06/19 15:42:33.011, 0, NVIDIA A40, 1, 87.10, 349
2026/06/19 15:42:33.515, 0, NVIDIA A40, 1, 85.83, 349
2026/06/19 15:42:34.018, 0, NVIDIA A40, 1, 85.34, 349
2026/06/19 15:42:34.521, 0, NVIDIA A40, 1, 85.53, 349
2026/06/19 15:42:35.025, 0, NVIDIA A40, 1, 85.71, 349
2026/06/19 15:42:35.528, 0, NVIDIA A40, 1, 85.65, 349
2026/06/19 15:42:36.032, 0, NVIDIA A40, 1, 85.50, 349
2026/06/19 15:42:36.536, 0, NVIDIA A40, 2, 85.75, 349
2026/06/19 15:42:37.040, 0, NVIDIA A40, 4, 87.10, 349
2026/06/19 15:42:37.543, 0, NVIDIA A40, 5, 89.21, 349
2026/06/19 15:42:38.047, 0, NVIDIA A40, 6, 90.30, 349
2026/06/19 15:42:38.550, 0, NVIDIA A40, 1, 88.43, 349
2026/06/19 15:42:39.053, 0, NVIDIA A40, 1, 85.78, 349
2026/06/19 15:42:39.557, 0, NVIDIA A40, 1, 85.31, 349
2026/06/19 15:42:40.060, 0, NVIDIA A40, 1, 85.38, 349
2026/06/19 15:42:40.563, 0, NVIDIA A40, 1, 85.50, 349
2026/06/19 15:42:41.067, 0, NVIDIA A40, 2, 85.84, 349
2026/06/19 15:42:41.570, 0, NVIDIA A40, 3, 87.58, 349
2026/06/19 15:42:42.074, 0, NVIDIA A40, 5, 89.61, 349
2026/06/19 15:42:42.577, 0, NVIDIA A40, 7, 91.91, 349
2026/06/19 15:42:43.081, 0, NVIDIA A40, 10, 95.70, 349
2026/06/19 15:42:43.584, 0, NVIDIA A40, 5, 94.97, 349
2026/06/19 15:42:44.087, 0, NVIDIA A40, 1, 90.60, 349
2026/06/19 15:42:44.591, 0, NVIDIA A40, 1, 85.88, 349
2026/06/19 15:42:45.094, 0, NVIDIA A40, 2, 85.89, 349
2026/06/19 15:42:45.597, 0, NVIDIA A40, 3, 86.72, 349
2026/06/19 15:42:46.100, 0, NVIDIA A40, 5, 88.82, 349
2026/06/19 15:42:46.603, 0, NVIDIA A40, 6, 92.29, 349
2026/06/19 15:42:47.106, 0, NVIDIA A40, 8, 94.10, 349
2026/06/19 15:42:47.610, 0, NVIDIA A40, 9, 97.05, 349
2026/06/19 15:42:48.113, 0, NVIDIA A40, 12, 100.46, 349
2026/06/19 15:42:48.616, 0, NVIDIA A40, 12, 99.45, 349
2026/06/19 15:42:49.119, 0, NVIDIA A40, 1, 92.41, 349
2026/06/19 15:42:49.623, 0, NVIDIA A40, 2, 86.96, 349
2026/06/19 15:42:50.126, 0, NVIDIA A40, 4, 88.49, 349
2026/06/19 15:42:50.629, 0, NVIDIA A40, 6, 91.44, 349
2026/06/19 15:42:51.136, 0, NVIDIA A40, 6, 93.09, 349
2026/06/19 15:42:51.639, 0, NVIDIA A40, 9, 95.39, 349
2026/06/19 15:42:52.142, 0, NVIDIA A40, 10, 100.82, 349
2026/06/19 15:42:52.645, 0, NVIDIA A40, 12, 101.56, 349
2026/06/19 15:42:53.149, 0, NVIDIA A40, 1, 99.66, 349
2026/06/19 15:42:53.652, 0, NVIDIA A40, 2, 92.55, 349
2026/06/19 15:42:54.155, 0, NVIDIA A40, 4, 89.13, 349
2026/06/19 15:42:54.658, 0, NVIDIA A40, 5, 91.39, 349
2026/06/19 15:42:55.161, 0, NVIDIA A40, 7, 93.90, 349
2026/06/19 15:42:55.664, 0, NVIDIA A40, 9, 96.57, 349
2026/06/19 15:42:56.168, 0, NVIDIA A40, 11, 99.11, 349
2026/06/19 15:42:56.671, 0, NVIDIA A40, 12, 102.40, 349
2026/06/19 15:42:57.175, 0, NVIDIA A40, 8, 102.88, 349
2026/06/19 15:42:57.678, 0, NVIDIA A40, 3, 94.76, 349
2026/06/19 15:42:58.181, 0, NVIDIA A40, 4, 89.52, 349
2026/06/19 15:42:58.685, 0, NVIDIA A40, 6, 92.43, 349
2026/06/19 15:42:59.189, 0, NVIDIA A40, 8, 94.95, 349
2026/06/19 15:42:59.692, 0, NVIDIA A40, 9, 97.21, 349
2026/06/19 15:43:00.195, 0, NVIDIA A40, 10, 99.48, 349
2026/06/19 15:43:00.699, 0, NVIDIA A40, 12, 102.01, 349
2026/06/19 15:43:01.202, 0, NVIDIA A40, 14, 103.44, 349
2026/06/19 15:43:01.706, 0, NVIDIA A40, 3, 96.07, 349
2026/06/19 15:43:02.209, 0, NVIDIA A40, 4, 90.16, 349
2026/06/19 15:43:02.713, 0, NVIDIA A40, 7, 93.59, 349
2026/06/19 15:43:03.216, 0, NVIDIA A40, 8, 95.88, 349
2026/06/19 15:43:03.720, 0, NVIDIA A40, 9, 98.89, 349
2026/06/19 15:43:04.223, 0, NVIDIA A40, 12, 102.84, 349
2026/06/19 15:43:04.731, 0, NVIDIA A40, 13, 109.32, 349
2026/06/19 15:43:05.234, 0, NVIDIA A40, 2, 105.17, 349
2026/06/19 15:43:05.738, 0, NVIDIA A40, 3, 97.31, 349
2026/06/19 15:43:06.241, 0, NVIDIA A40, 5, 90.06, 349
2026/06/19 15:43:06.745, 0, NVIDIA A40, 6, 92.85, 349
2026/06/19 15:43:07.248, 0, NVIDIA A40, 9, 94.91, 349
2026/06/19 15:43:07.752, 0, NVIDIA A40, 9, 96.38, 349
2026/06/19 15:43:08.255, 0, NVIDIA A40, 12, 99.18, 349
2026/06/19 15:43:08.758, 0, NVIDIA A40, 14, 103.57, 349
2026/06/19 15:43:09.262, 0, NVIDIA A40, 2, 100.19, 349
2026/06/19 15:43:09.765, 0, NVIDIA A40, 3, 95.18, 349
2026/06/19 15:43:10.269, 0, NVIDIA A40, 5, 89.58, 349
2026/06/19 15:43:10.772, 0, NVIDIA A40, 6, 92.27, 349
2026/06/19 15:43:11.275, 0, NVIDIA A40, 9, 95.18, 349
2026/06/19 15:43:11.779, 0, NVIDIA A40, 10, 98.49, 349
2026/06/19 15:43:12.282, 0, NVIDIA A40, 12, 100.54, 349
2026/06/19 15:43:12.786, 0, NVIDIA A40, 6, 101.06, 349
2026/06/19 15:43:13.289, 0, NVIDIA A40, 3, 99.29, 349
2026/06/19 15:43:13.792, 0, NVIDIA A40, 3, 95.99, 349
2026/06/19 15:43:14.296, 0, NVIDIA A40, 5, 90.55, 349
2026/06/19 15:43:14.799, 0, NVIDIA A40, 7, 93.36, 349
2026/06/19 15:43:15.303, 0, NVIDIA A40, 9, 95.05, 349
2026/06/19 15:43:15.806, 0, NVIDIA A40, 9, 96.48, 349
2026/06/19 15:43:16.309, 0, NVIDIA A40, 11, 100.87, 349
2026/06/19 15:43:16.813, 0, NVIDIA A40, 13, 106.29, 349
2026/06/19 15:43:17.316, 0, NVIDIA A40, 2, 101.86, 349
2026/06/19 15:43:17.820, 0, NVIDIA A40, 4, 93.21, 349
2026/06/19 15:43:18.327, 0, NVIDIA A40, 3, 90.29, 349
2026/06/19 15:43:18.831, 0, NVIDIA A40, 7, 91.58, 349
2026/06/19 15:43:19.334, 0, NVIDIA A40, 8, 96.58, 349
2026/06/19 15:43:19.837, 0, NVIDIA A40, 11, 99.13, 349
2026/06/19 15:43:20.341, 0, NVIDIA A40, 11, 103.84, 349
2026/06/19 15:43:20.844, 0, NVIDIA A40, 19, 107.89, 349
2026/06/19 15:43:21.347, 0, NVIDIA A40, 3, 104.24, 349
2026/06/19 15:43:21.851, 0, NVIDIA A40, 4, 94.47, 349
2026/06/19 15:43:22.354, 0, NVIDIA A40, 5, 90.59, 349
2026/06/19 15:43:22.858, 0, NVIDIA A40, 8, 93.45, 349
2026/06/19 15:43:23.361, 0, NVIDIA A40, 9, 95.84, 349
2026/06/19 15:43:23.865, 0, NVIDIA A40, 10, 99.74, 349
2026/06/19 15:43:24.368, 0, NVIDIA A40, 12, 103.75, 349
2026/06/19 15:43:24.871, 0, NVIDIA A40, 19, 110.86, 349
2026/06/19 15:43:25.374, 0, NVIDIA A40, 3, 103.65, 349
2026/06/19 15:43:25.878, 0, NVIDIA A40, 4, 95.95, 349
2026/06/19 15:43:26.381, 0, NVIDIA A40, 6, 92.33, 349
2026/06/19 15:43:26.885, 0, NVIDIA A40, 7, 95.65, 349
2026/06/19 15:43:27.388, 0, NVIDIA A40, 9, 97.17, 349
2026/06/19 15:43:27.891, 0, NVIDIA A40, 10, 98.60, 349
2026/06/19 15:43:28.394, 0, NVIDIA A40, 12, 102.38, 349
2026/06/19 15:43:28.898, 0, NVIDIA A40, 21, 108.23, 349
2026/06/19 15:43:29.401, 0, NVIDIA A40, 3, 102.85, 349
2026/06/19 15:43:29.905, 0, NVIDIA A40, 5, 92.53, 349
2026/06/19 15:43:30.408, 0, NVIDIA A40, 5, 94.00, 349
2026/06/19 15:43:30.912, 0, NVIDIA A40, 9, 97.20, 349
2026/06/19 15:43:31.415, 0, NVIDIA A40, 10, 100.60, 349
2026/06/19 15:43:31.923, 0, NVIDIA A40, 12, 101.10, 349
2026/06/19 15:43:32.426, 0, NVIDIA A40, 14, 103.21, 349
2026/06/19 15:43:32.929, 0, NVIDIA A40, 15, 104.89, 349
2026/06/19 15:43:33.433, 0, NVIDIA A40, 3, 99.72, 349
2026/06/19 15:43:33.936, 0, NVIDIA A40, 5, 91.10, 349
2026/06/19 15:43:34.439, 0, NVIDIA A40, 6, 93.57, 349
2026/06/19 15:43:34.943, 0, NVIDIA A40, 8, 97.60, 349
2026/06/19 15:43:35.446, 0, NVIDIA A40, 10, 101.25, 349
2026/06/19 15:43:35.950, 0, NVIDIA A40, 11, 104.66, 349
2026/06/19 15:43:36.453, 0, NVIDIA A40, 13, 105.60, 349
2026/06/19 15:43:36.957, 0, NVIDIA A40, 17, 109.66, 349
2026/06/19 15:43:37.460, 0, NVIDIA A40, 3, 98.90, 349
2026/06/19 15:43:37.964, 0, NVIDIA A40, 5, 90.85, 349
2026/06/19 15:43:38.467, 0, NVIDIA A40, 7, 94.39, 349
2026/06/19 15:43:38.971, 0, NVIDIA A40, 8, 97.07, 349
2026/06/19 15:43:39.474, 0, NVIDIA A40, 11, 101.34, 349
2026/06/19 15:43:39.978, 0, NVIDIA A40, 11, 104.19, 349
2026/06/19 15:43:40.481, 0, NVIDIA A40, 16, 107.93, 349
2026/06/19 15:43:40.984, 0, NVIDIA A40, 12, 108.55, 349
2026/06/19 15:43:41.487, 0, NVIDIA A40, 4, 100.50, 349
2026/06/19 15:43:41.991, 0, NVIDIA A40, 5, 91.46, 349
2026/06/19 15:43:42.494, 0, NVIDIA A40, 7, 93.76, 349
2026/06/19 15:43:42.998, 0, NVIDIA A40, 8, 96.55, 349
2026/06/19 15:43:43.501, 0, NVIDIA A40, 11, 99.70, 349
2026/06/19 15:43:44.005, 0, NVIDIA A40, 13, 103.03, 349
2026/06/19 15:43:44.508, 0, NVIDIA A40, 17, 108.52, 349
2026/06/19 15:43:45.012, 0, NVIDIA A40, 3, 105.07, 349
2026/06/19 15:43:45.519, 0, NVIDIA A40, 4, 95.72, 349
2026/06/19 15:43:46.022, 0, NVIDIA A40, 5, 93.39, 349
2026/06/19 15:43:46.525, 0, NVIDIA A40, 7, 96.99, 349
2026/06/19 15:43:47.029, 0, NVIDIA A40, 9, 98.70, 349
2026/06/19 15:43:47.532, 0, NVIDIA A40, 10, 100.21, 349
2026/06/19 15:43:48.036, 0, NVIDIA A40, 13, 104.49, 349
2026/06/19 15:43:48.539, 0, NVIDIA A40, 20, 111.94, 349
2026/06/19 15:43:49.042, 0, NVIDIA A40, 4, 105.79, 349
2026/06/19 15:43:49.545, 0, NVIDIA A40, 5, 94.33, 349
2026/06/19 15:43:50.049, 0, NVIDIA A40, 7, 94.36, 349
2026/06/19 15:43:50.553, 0, NVIDIA A40, 8, 96.82, 349
2026/06/19 15:43:51.056, 0, NVIDIA A40, 10, 101.75, 349
2026/06/19 15:43:51.559, 0, NVIDIA A40, 12, 103.35, 349
2026/06/19 15:43:52.063, 0, NVIDIA A40, 12, 105.66, 349
2026/06/19 15:43:52.566, 0, NVIDIA A40, 22, 110.16, 349
2026/06/19 15:43:53.070, 0, NVIDIA A40, 4, 102.81, 349
2026/06/19 15:43:53.573, 0, NVIDIA A40, 5, 90.88, 349
2026/06/19 15:43:54.076, 0, NVIDIA A40, 7, 93.74, 349
2026/06/19 15:43:54.580, 0, NVIDIA A40, 8, 95.78, 349
2026/06/19 15:43:55.083, 0, NVIDIA A40, 10, 99.69, 349
2026/06/19 15:43:55.586, 0, NVIDIA A40, 11, 102.94, 349
2026/06/19 15:43:56.090, 0, NVIDIA A40, 13, 106.69, 349
2026/06/19 15:43:56.593, 0, NVIDIA A40, 20, 109.03, 349
2026/06/19 15:43:57.096, 0, NVIDIA A40, 4, 101.16, 349
2026/06/19 15:43:57.599, 0, NVIDIA A40, 4, 93.40, 349
2026/06/19 15:43:58.103, 0, NVIDIA A40, 6, 96.20, 349
2026/06/19 15:43:58.606, 0, NVIDIA A40, 8, 98.65, 349
2026/06/19 15:43:59.114, 0, NVIDIA A40, 10, 101.35, 349
2026/06/19 15:43:59.617, 0, NVIDIA A40, 13, 102.32, 349
2026/06/19 15:44:00.120, 0, NVIDIA A40, 14, 105.48, 349
2026/06/19 15:44:00.624, 0, NVIDIA A40, 3, 108.12, 349
2026/06/19 15:44:01.127, 0, NVIDIA A40, 4, 100.76, 349
2026/06/19 15:44:01.630, 0, NVIDIA A40, 5, 91.95, 349
2026/06/19 15:44:02.134, 0, NVIDIA A40, 6, 94.34, 349
2026/06/19 15:44:02.637, 0, NVIDIA A40, 8, 97.36, 349
2026/06/19 15:44:03.140, 0, NVIDIA A40, 9, 100.00, 349
2026/06/19 15:44:03.643, 0, NVIDIA A40, 11, 103.96, 349
2026/06/19 15:44:04.147, 0, NVIDIA A40, 12, 107.89, 349
2026/06/19 15:44:04.650, 0, NVIDIA A40, 7, 107.12, 349
2026/06/19 15:44:05.153, 0, NVIDIA A40, 4, 101.80, 349
2026/06/19 15:44:05.656, 0, NVIDIA A40, 5, 92.18, 349
2026/06/19 15:44:06.159, 0, NVIDIA A40, 7, 93.20, 349
2026/06/19 15:44:06.663, 0, NVIDIA A40, 9, 98.86, 349
2026/06/19 15:44:07.166, 0, NVIDIA A40, 9, 102.38, 349
2026/06/19 15:44:07.669, 0, NVIDIA A40, 13, 105.68, 349
2026/06/19 15:44:08.172, 0, NVIDIA A40, 13, 109.92, 349
2026/06/19 15:44:08.676, 0, NVIDIA A40, 4, 108.75, 349
2026/06/19 15:44:09.179, 0, NVIDIA A40, 4, 101.46, 349
2026/06/19 15:44:09.683, 0, NVIDIA A40, 5, 93.71, 349
2026/06/19 15:44:10.186, 0, NVIDIA A40, 6, 96.61, 349
2026/06/19 15:44:10.690, 0, NVIDIA A40, 8, 99.02, 349
2026/06/19 15:44:11.193, 0, NVIDIA A40, 10, 101.79, 349
2026/06/19 15:44:11.696, 0, NVIDIA A40, 13, 104.24, 349
2026/06/19 15:44:12.200, 0, NVIDIA A40, 20, 107.41, 349
2026/06/19 15:44:12.704, 0, NVIDIA A40, 4, 103.57, 349
2026/06/19 15:44:13.207, 0, NVIDIA A40, 1, 95.78, 349
2026/06/19 15:44:13.710, 0, NVIDIA A40, 4, 91.55, 349
2026/06/19 15:44:14.213, 0, NVIDIA A40, 7, 92.62, 349
2026/06/19 15:44:14.717, 0, NVIDIA A40, 8, 96.00, 349
2026/06/19 15:44:15.220, 0, NVIDIA A40, 11, 100.13, 349
2026/06/19 15:44:15.724, 0, NVIDIA A40, 11, 102.63, 349
2026/06/19 15:44:16.227, 0, NVIDIA A40, 15, 106.89, 349
2026/06/19 15:44:16.730, 0, NVIDIA A40, 18, 108.56, 349
2026/06/19 15:44:17.233, 0, NVIDIA A40, 5, 101.96, 349
2026/06/19 15:44:17.737, 0, NVIDIA A40, 5, 93.49, 349
2026/06/19 15:44:18.240, 0, NVIDIA A40, 7, 96.34, 349
2026/06/19 15:44:18.744, 0, NVIDIA A40, 9, 99.53, 349
2026/06/19 15:44:19.247, 0, NVIDIA A40, 11, 103.85, 349
2026/06/19 15:44:19.751, 0, NVIDIA A40, 12, 105.15, 349
2026/06/19 15:44:20.254, 0, NVIDIA A40, 16, 107.89, 349
2026/06/19 15:44:20.758, 0, NVIDIA A40, 11, 104.15, 349
2026/06/19 15:44:21.261, 0, NVIDIA A40, 5, 99.43, 349
2026/06/19 15:44:21.765, 0, NVIDIA A40, 5, 93.27, 349
2026/06/19 15:44:22.268, 0, NVIDIA A40, 7, 95.11, 349
2026/06/19 15:44:22.771, 0, NVIDIA A40, 9, 98.41, 349
2026/06/19 15:44:23.274, 0, NVIDIA A40, 10, 102.15, 349
2026/06/19 15:44:23.778, 0, NVIDIA A40, 12, 105.52, 349
2026/06/19 15:44:24.281, 0, NVIDIA A40, 17, 110.84, 349
2026/06/19 15:44:24.785, 0, NVIDIA A40, 5, 107.52, 349
2026/06/19 15:44:25.288, 0, NVIDIA A40, 5, 100.46, 349
2026/06/19 15:44:25.791, 0, NVIDIA A40, 2, 93.72, 349
2026/06/19 15:44:26.295, 0, NVIDIA A40, 7, 97.05, 349
2026/06/19 15:44:26.799, 0, NVIDIA A40, 9, 101.06, 349
2026/06/19 15:44:27.302, 0, NVIDIA A40, 10, 101.83, 349
2026/06/19 15:44:27.806, 0, NVIDIA A40, 12, 102.42, 349
2026/06/19 15:44:28.309, 0, NVIDIA A40, 18, 108.13, 349
2026/06/19 15:44:28.812, 0, NVIDIA A40, 5, 109.95, 349
2026/06/19 15:44:29.316, 0, NVIDIA A40, 5, 101.78, 349
2026/06/19 15:44:29.819, 0, NVIDIA A40, 6, 96.23, 349
2026/06/19 15:44:30.322, 0, NVIDIA A40, 7, 97.02, 349
2026/06/19 15:44:30.826, 0, NVIDIA A40, 10, 99.84, 349
2026/06/19 15:44:31.329, 0, NVIDIA A40, 11, 101.70, 349
2026/06/19 15:44:31.833, 0, NVIDIA A40, 12, 105.82, 349
2026/06/19 15:44:32.336, 0, NVIDIA A40, 20, 109.91, 349
2026/06/19 15:44:32.840, 0, NVIDIA A40, 5, 104.92, 349
2026/06/19 15:44:33.343, 0, NVIDIA A40, 6, 95.27, 349
2026/06/19 15:44:33.847, 0, NVIDIA A40, 6, 95.39, 349
2026/06/19 15:44:34.350, 0, NVIDIA A40, 7, 98.66, 349
2026/06/19 15:44:34.853, 0, NVIDIA A40, 9, 101.14, 349
2026/06/19 15:44:35.357, 0, NVIDIA A40, 10, 104.02, 349
2026/06/19 15:44:35.860, 0, NVIDIA A40, 12, 105.48, 349
2026/06/19 15:44:36.363, 0, NVIDIA A40, 20, 109.61, 349
2026/06/19 15:44:36.867, 0, NVIDIA A40, 4, 102.68, 349
2026/06/19 15:44:37.370, 0, NVIDIA A40, 5, 94.28, 349
2026/06/19 15:44:37.874, 0, NVIDIA A40, 7, 96.15, 349
2026/06/19 15:44:38.377, 0, NVIDIA A40, 8, 98.86, 349
2026/06/19 15:44:38.881, 0, NVIDIA A40, 11, 103.74, 349
2026/06/19 15:44:39.384, 0, NVIDIA A40, 12, 106.66, 349
2026/06/19 15:44:39.887, 0, NVIDIA A40, 15, 111.35, 349
2026/06/19 15:44:40.391, 0, NVIDIA A40, 20, 113.36, 349
2026/06/19 15:44:40.894, 0, NVIDIA A40, 5, 103.16, 349
2026/06/19 15:44:41.398, 0, NVIDIA A40, 6, 96.50, 349
2026/06/19 15:44:41.901, 0, NVIDIA A40, 7, 96.95, 349
2026/06/19 15:44:42.405, 0, NVIDIA A40, 9, 98.95, 349
2026/06/19 15:44:42.908, 0, NVIDIA A40, 11, 100.88, 349
2026/06/19 15:44:43.411, 0, NVIDIA A40, 11, 103.62, 349
2026/06/19 15:44:43.915, 0, NVIDIA A40, 15, 108.29, 349
2026/06/19 15:44:44.418, 0, NVIDIA A40, 5, 106.96, 349
2026/06/19 15:44:44.922, 0, NVIDIA A40, 5, 98.91, 349
2026/06/19 15:44:45.425, 0, NVIDIA A40, 5, 95.62, 349
2026/06/19 15:44:45.928, 0, NVIDIA A40, 7, 98.57, 349
2026/06/19 15:44:46.432, 0, NVIDIA A40, 8, 102.07, 349
2026/06/19 15:44:46.936, 0, NVIDIA A40, 10, 105.22, 349
2026/06/19 15:44:47.439, 0, NVIDIA A40, 13, 105.43, 349
2026/06/19 15:44:47.942, 0, NVIDIA A40, 16, 110.41, 349
2026/06/19 15:44:48.446, 0, NVIDIA A40, 4, 104.69, 349
2026/06/19 15:44:48.949, 0, NVIDIA A40, 5, 98.82, 349
2026/06/19 15:44:49.453, 0, NVIDIA A40, 6, 95.48, 349
2026/06/19 15:44:49.956, 0, NVIDIA A40, 7, 97.60, 349
2026/06/19 15:44:50.459, 0, NVIDIA A40, 8, 98.10, 349
2026/06/19 15:44:50.963, 0, NVIDIA A40, 10, 102.81, 349
2026/06/19 15:44:51.466, 0, NVIDIA A40, 12, 106.43, 349
2026/06/19 15:44:51.970, 0, NVIDIA A40, 15, 111.01, 349
2026/06/19 15:44:52.473, 0, NVIDIA A40, 5, 107.09, 349
2026/06/19 15:44:52.977, 0, NVIDIA A40, 5, 102.74, 349
2026/06/19 15:44:53.480, 0, NVIDIA A40, 6, 97.23, 349
2026/06/19 15:44:53.984, 0, NVIDIA A40, 7, 99.04, 349
2026/06/19 15:44:54.487, 0, NVIDIA A40, 9, 103.73, 349
2026/06/19 15:44:54.991, 0, NVIDIA A40, 10, 106.73, 349
2026/06/19 15:44:55.494, 0, NVIDIA A40, 12, 112.56, 349
2026/06/19 15:44:55.997, 0, NVIDIA A40, 22, 112.90, 349
2026/06/19 15:44:56.501, 0, NVIDIA A40, 5, 105.73, 349
2026/06/19 15:44:57.004, 0, NVIDIA A40, 7, 98.09, 349
2026/06/19 15:44:57.507, 0, NVIDIA A40, 6, 98.21, 349
2026/06/19 15:44:58.011, 0, NVIDIA A40, 8, 100.59, 349
2026/06/19 15:44:58.514, 0, NVIDIA A40, 10, 103.73, 349
2026/06/19 15:44:59.018, 0, NVIDIA A40, 11, 106.78, 349
2026/06/19 15:44:59.521, 0, NVIDIA A40, 13, 108.77, 349
2026/06/19 15:45:00.024, 0, NVIDIA A40, 15, 113.54, 349
2026/06/19 15:45:00.528, 0, NVIDIA A40, 6, 107.41, 349
2026/06/19 15:45:01.032, 0, NVIDIA A40, 6, 96.75, 349
2026/06/19 15:45:01.535, 0, NVIDIA A40, 6, 97.59, 349
2026/06/19 15:45:02.038, 0, NVIDIA A40, 8, 99.12, 349
2026/06/19 15:45:02.542, 0, NVIDIA A40, 9, 104.46, 349
2026/06/19 15:45:03.045, 0, NVIDIA A40, 12, 106.31, 349
2026/06/19 15:45:03.549, 0, NVIDIA A40, 12, 113.50, 349
2026/06/19 15:45:04.052, 0, NVIDIA A40, 7, 114.90, 349
2026/06/19 15:45:04.555, 0, NVIDIA A40, 5, 109.08, 349
2026/06/19 15:45:05.059, 0, NVIDIA A40, 6, 98.08, 349
2026/06/19 15:45:05.562, 0, NVIDIA A40, 6, 100.43, 349
2026/06/19 15:45:06.066, 0, NVIDIA A40, 8, 101.64, 349
2026/06/19 15:45:06.569, 0, NVIDIA A40, 9, 107.22, 349
2026/06/19 15:45:07.073, 0, NVIDIA A40, 11, 109.28, 349
2026/06/19 15:45:07.576, 0, NVIDIA A40, 13, 116.54, 349
2026/06/19 15:45:08.079, 0, NVIDIA A40, 5, 113.42, 349
2026/06/19 15:45:08.583, 0, NVIDIA A40, 6, 102.91, 349
2026/06/19 15:45:09.093, 0, NVIDIA A40, 7, 99.42, 349
2026/06/19 15:45:09.596, 0, NVIDIA A40, 7, 99.06, 349
2026/06/19 15:45:10.099, 0, NVIDIA A40, 9, 103.08, 349
2026/06/19 15:45:10.603, 0, NVIDIA A40, 10, 106.73, 349
2026/06/19 15:45:11.106, 0, NVIDIA A40, 12, 111.56, 349
2026/06/19 15:45:11.609, 0, NVIDIA A40, 20, 114.24, 349
2026/06/19 15:45:12.112, 0, NVIDIA A40, 5, 108.37, 349
2026/06/19 15:45:12.615, 0, NVIDIA A40, 6, 99.46, 349
2026/06/19 15:45:13.119, 0, NVIDIA A40, 6, 97.98, 349
2026/06/19 15:45:13.622, 0, NVIDIA A40, 7, 98.61, 349
2026/06/19 15:45:14.125, 0, NVIDIA A40, 9, 101.90, 349
2026/06/19 15:45:14.628, 0, NVIDIA A40, 11, 103.89, 349
2026/06/19 15:45:15.131, 0, NVIDIA A40, 8, 104.98, 349
2026/06/19 15:45:15.635, 0, NVIDIA A40, 19, 108.76, 349
2026/06/19 15:45:16.138, 0, NVIDIA A40, 5, 110.46, 349
2026/06/19 15:45:16.641, 0, NVIDIA A40, 5, 104.00, 349
2026/06/19 15:45:17.145, 0, NVIDIA A40, 8, 100.56, 349
2026/06/19 15:45:17.648, 0, NVIDIA A40, 8, 101.06, 349
2026/06/19 15:45:18.151, 0, NVIDIA A40, 8, 100.03, 349
2026/06/19 15:45:18.654, 0, NVIDIA A40, 10, 104.06, 349
2026/06/19 15:45:19.157, 0, NVIDIA A40, 11, 110.39, 349
2026/06/19 15:45:19.661, 0, NVIDIA A40, 20, 114.61, 349
2026/06/19 15:45:20.164, 0, NVIDIA A40, 6, 112.08, 349
2026/06/19 15:45:20.667, 0, NVIDIA A40, 6, 105.81, 349
2026/06/19 15:45:21.170, 0, NVIDIA A40, 7, 100.43, 349
2026/06/19 15:45:21.674, 0, NVIDIA A40, 7, 100.32, 349
2026/06/19 15:45:22.177, 0, NVIDIA A40, 8, 103.21, 349
2026/06/19 15:45:22.681, 0, NVIDIA A40, 10, 108.58, 349
2026/06/19 15:45:23.184, 0, NVIDIA A40, 13, 110.97, 349
2026/06/19 15:45:23.689, 0, NVIDIA A40, 19, 112.09, 349
2026/06/19 15:45:24.192, 0, NVIDIA A40, 6, 107.59, 349
2026/06/19 15:45:24.695, 0, NVIDIA A40, 6, 99.28, 349
2026/06/19 15:45:25.198, 0, NVIDIA A40, 7, 101.08, 349
2026/06/19 15:45:25.702, 0, NVIDIA A40, 7, 104.05, 349
2026/06/19 15:45:26.205, 0, NVIDIA A40, 10, 104.65, 349
2026/06/19 15:45:26.709, 0, NVIDIA A40, 10, 105.79, 349
2026/06/19 15:45:27.212, 0, NVIDIA A40, 12, 106.37, 349
2026/06/19 15:45:27.715, 0, NVIDIA A40, 21, 113.27, 349
2026/06/19 15:45:28.219, 0, NVIDIA A40, 6, 109.42, 349
2026/06/19 15:45:28.722, 0, NVIDIA A40, 6, 99.15, 349
2026/06/19 15:45:29.226, 0, NVIDIA A40, 8, 101.70, 349
2026/06/19 15:45:29.729, 0, NVIDIA A40, 8, 102.96, 349
2026/06/19 15:45:30.232, 0, NVIDIA A40, 10, 103.44, 349
2026/06/19 15:45:30.735, 0, NVIDIA A40, 10, 106.66, 349
2026/06/19 15:45:31.239, 0, NVIDIA A40, 12, 106.88, 349
2026/06/19 15:45:31.742, 0, NVIDIA A40, 23, 115.49, 349
2026/06/19 15:45:32.246, 0, NVIDIA A40, 6, 111.96, 349
2026/06/19 15:45:32.749, 0, NVIDIA A40, 6, 100.55, 349
2026/06/19 15:45:33.252, 0, NVIDIA A40, 9, 104.42, 349
2026/06/19 15:45:33.756, 0, NVIDIA A40, 7, 104.52, 349
2026/06/19 15:45:34.259, 0, NVIDIA A40, 10, 104.49, 349
2026/06/19 15:45:34.763, 0, NVIDIA A40, 11, 109.35, 349
2026/06/19 15:45:35.266, 0, NVIDIA A40, 13, 109.14, 349
2026/06/19 15:45:35.769, 0, NVIDIA A40, 23, 113.31, 349
2026/06/19 15:45:36.273, 0, NVIDIA A40, 6, 106.01, 349
2026/06/19 15:45:36.776, 0, NVIDIA A40, 8, 99.17, 349
2026/06/19 15:45:37.284, 0, NVIDIA A40, 10, 103.01, 349
2026/06/19 15:45:37.788, 0, NVIDIA A40, 9, 107.92, 349
2026/06/19 15:45:38.291, 0, NVIDIA A40, 10, 106.18, 349
2026/06/19 15:45:38.794, 0, NVIDIA A40, 12, 109.40, 349
2026/06/19 15:45:39.298, 0, NVIDIA A40, 13, 114.81, 349
2026/06/19 15:45:39.801, 0, NVIDIA A40, 7, 113.77, 349
2026/06/19 15:45:40.305, 0, NVIDIA A40, 6, 106.90, 349
2026/06/19 15:45:40.808, 0, NVIDIA A40, 7, 99.48, 349
2026/06/19 15:45:41.311, 0, NVIDIA A40, 9, 102.37, 349
2026/06/19 15:45:41.815, 0, NVIDIA A40, 8, 102.67, 349
2026/06/19 15:45:42.318, 0, NVIDIA A40, 9, 103.46, 349
2026/06/19 15:45:42.822, 0, NVIDIA A40, 11, 106.64, 349
2026/06/19 15:45:43.325, 0, NVIDIA A40, 13, 109.19, 349
2026/06/19 15:45:43.829, 0, NVIDIA A40, 10, 113.37, 349
2026/06/19 15:45:44.332, 0, NVIDIA A40, 0, 101.93, 349
2026/06/19 15:45:44.835, 0, NVIDIA A40, 0, 93.84, 349
2026/06/19 15:45:45.339, 0, NVIDIA A40, 0, 93.84, 349
2026/06/19 15:45:45.842, 0, NVIDIA A40, 0, 90.23, 0
2026/06/19 15:45:46.345, 0, NVIDIA A40, 0, 89.33, 0
2026/06/19 15:45:46.848, 0, NVIDIA A40, 0, 87.45, 0
2026/06/19 15:45:47.351, 0, NVIDIA A40, 0, 87.45, 0
2026/06/19 15:45:47.855, 0, NVIDIA A40, 0, 67.39, 0
2026/06/19 15:45:48.358, 0, NVIDIA A40, 0, 67.39, 0
2026/06/19 15:45:48.862, 0, NVIDIA A40, 0, 17.10, 0
2026/06/19 15:45:49.369, 0, NVIDIA A40, 0, 17.10, 0
2026/06/19 15:45:49.877, 0, NVIDIA A40, 0, 16.46, 0
2026/06/19 15:45:50.384, 0, NVIDIA A40, 0, 16.46, 0
2026/06/19 15:45:50.892, 0, NVIDIA A40, 0, 15.88, 0
2026/06/19 15:45:51.399, 0, NVIDIA A40, 0, 15.88, 0
2026/06/19 15:45:51.906, 0, NVIDIA A40, 0, 15.83, 0
2026/06/19 15:45:52.413, 0, NVIDIA A40, 0, 15.83, 0
2026/06/19 15:45:52.921, 0, NVIDIA A40, 0, 15.83, 0
2026/06/19 15:45:53.428, 0, NVIDIA A40, 0, 15.83, 0
2026/06/19 15:45:53.936, 0, NVIDIA A40, 0, 16.13, 0
2026/06/19 15:45:54.443, 0, NVIDIA A40, 0, 16.13, 0
2026/06/19 15:45:54.951, 0, NVIDIA A40, 0, 16.95, 0
2026/06/19 15:45:55.459, 0, NVIDIA A40, 0, 16.95, 0
2026/06/19 15:45:55.966, 0, NVIDIA A40, 0, 18.32, 0
2026/06/19 15:45:56.474, 0, NVIDIA A40, 0, 15.82, 0
2026/06/19 15:45:56.981, 0, NVIDIA A40, 0, 15.82, 0
2026/06/19 15:45:57.489, 0, NVIDIA A40, 0, 15.68, 0
2026/06/19 15:45:57.996, 0, NVIDIA A40, 0, 15.68, 0
2026/06/19 15:45:58.503, 0, NVIDIA A40, 0, 15.63, 0
2026/06/19 15:45:59.011, 0, NVIDIA A40, 0, 15.63, 0
2026/06/19 15:45:59.518, 0, NVIDIA A40, 0, 16.02, 0
2026/06/19 15:46:00.026, 0, NVIDIA A40, 0, 16.02, 0
2026/06/19 15:46:00.533, 0, NVIDIA A40, 0, 16.12, 0
2026/06/19 15:46:01.041, 0, NVIDIA A40, 0, 16.12, 0
2026/06/19 15:46:01.548, 0, NVIDIA A40, 0, 15.83, 0
2026/06/19 15:46:02.056, 0, NVIDIA A40, 0, 15.83, 0
2026/06/19 15:46:02.563, 0, NVIDIA A40, 0, 15.63, 0
2026/06/19 15:46:03.071, 0, NVIDIA A40, 0, 15.63, 0
2026/06/19 15:46:03.578, 0, NVIDIA A40, 0, 15.58, 0
2026/06/19 15:46:04.085, 0, NVIDIA A40, 0, 15.58, 0
2026/06/19 15:46:04.592, 0, NVIDIA A40, 0, 15.63, 0
2026/06/19 15:46:05.100, 0, NVIDIA A40, 1, 15.63, 0
2026/06/19 15:46:05.607, 0, NVIDIA A40, 0, 15.78, 0
2026/06/19 15:46:06.114, 0, NVIDIA A40, 0, 15.78, 0
2026/06/19 15:46:06.622, 0, NVIDIA A40, 0, 22.37, 0
2026/06/19 15:46:07.129, 0, NVIDIA A40, 0, 22.37, 0
2026/06/19 15:46:07.636, 0, NVIDIA A40, 0, 22.23, 0
2026/06/19 15:46:08.143, 0, NVIDIA A40, 0, 22.23, 0
2026/06/19 15:46:08.650, 0, NVIDIA A40, 0, 15.63, 0
2026/06/19 15:46:09.157, 0, NVIDIA A40, 0, 15.63, 0
2026/06/19 15:46:09.665, 0, NVIDIA A40, 0, 15.53, 0
2026/06/19 15:46:10.172, 0, NVIDIA A40, 0, 15.53, 0
2026/06/19 15:46:10.679, 0, NVIDIA A40, 0, 15.34, 0
2026/06/19 15:46:11.186, 0, NVIDIA A40, 0, 15.34, 0
2026/06/19 15:46:11.694, 0, NVIDIA A40, 0, 15.34, 0
2026/06/19 15:46:12.201, 0, NVIDIA A40, 0, 15.34, 0
2026/06/19 15:46:12.709, 0, NVIDIA A40, 0, 15.64, 0
2026/06/19 15:46:13.216, 0, NVIDIA A40, 0, 15.64, 0
2026/06/19 15:46:13.723, 0, NVIDIA A40, 0, 15.54, 0
2026/06/19 15:46:14.230, 0, NVIDIA A40, 0, 15.54, 0
2026/06/19 15:46:14.738, 0, NVIDIA A40, 0, 15.39, 0
2026/06/19 15:46:15.245, 0, NVIDIA A40, 0, 15.39, 0
2026/06/19 15:46:15.753, 0, NVIDIA A40, 0, 15.49, 0
2026/06/19 15:46:16.260, 0, NVIDIA A40, 0, 15.49, 0
2026/06/19 15:46:16.768, 0, NVIDIA A40, 0, 15.73, 0
2026/06/19 15:46:17.275, 0, NVIDIA A40, 0, 15.73, 0
2026/06/19 15:46:17.783, 0, NVIDIA A40, 0, 15.53, 0
2026/06/19 15:46:18.290, 0, NVIDIA A40, 0, 15.53, 0
2026/06/19 15:46:18.798, 0, NVIDIA A40, 0, 15.14, 0
2026/06/19 15:46:19.305, 0, NVIDIA A40, 0, 15.14, 0
2026/06/19 15:46:19.813, 0, NVIDIA A40, 0, 15.19, 0
2026/06/19 15:46:20.320, 0, NVIDIA A40, 0, 15.19, 0
2026/06/19 15:46:20.828, 0, NVIDIA A40, 0, 15.34, 0
2026/06/19 15:46:21.335, 0, NVIDIA A40, 0, 15.34, 0
2026/06/19 15:46:21.843, 0, NVIDIA A40, 0, 15.34, 0
2026/06/19 15:46:22.350, 0, NVIDIA A40, 0, 15.34, 0
2026/06/19 15:46:22.857, 0, NVIDIA A40, 0, 15.29, 0
2026/06/19 15:46:23.365, 0, NVIDIA A40, 0, 15.29, 0
2026/06/19 15:46:23.872, 0, NVIDIA A40, 0, 15.19, 0
2026/06/19 15:46:24.379, 0, NVIDIA A40, 0, 15.19, 0
2026/06/19 15:46:24.887, 0, NVIDIA A40, 0, 15.44, 0
2026/06/19 15:46:25.394, 0, NVIDIA A40, 0, 15.44, 0
2026/06/19 15:46:25.902, 0, NVIDIA A40, 0, 15.48, 0
2026/06/19 15:46:26.409, 0, NVIDIA A40, 0, 15.48, 0
2026/06/19 15:46:26.917, 0, NVIDIA A40, 0, 15.48, 0
2026/06/19 15:46:27.424, 0, NVIDIA A40, 0, 15.48, 0
2026/06/19 15:46:27.932, 0, NVIDIA A40, 0, 15.97, 0
2026/06/19 15:46:28.439, 0, NVIDIA A40, 0, 15.97, 0
2026/06/19 15:46:28.947, 0, NVIDIA A40, 0, 17.14, 0
2026/06/19 15:46:29.454, 0, NVIDIA A40, 0, 17.09, 0
2026/06/19 15:46:29.962, 0, NVIDIA A40, 0, 17.09, 0
2026/06/19 15:46:30.469, 0, NVIDIA A40, 0, 15.92, 0
2026/06/19 15:46:30.977, 0, NVIDIA A40, 0, 15.92, 0
2026/06/19 15:46:31.484, 0, NVIDIA A40, 0, 15.53, 0
2026/06/19 15:46:31.992, 0, NVIDIA A40, 0, 15.53, 0
2026/06/19 15:46:32.499, 0, NVIDIA A40, 0, 15.34, 0
2026/06/19 15:46:33.006, 0, NVIDIA A40, 0, 15.34, 0
2026/06/19 15:46:33.513, 0, NVIDIA A40, 0, 15.73, 0
2026/06/19 15:46:34.021, 0, NVIDIA A40, 0, 15.73, 0
2026/06/19 15:46:34.528, 0, NVIDIA A40, 0, 15.58, 0
2026/06/19 15:46:35.036, 0, NVIDIA A40, 0, 15.58, 0
2026/06/19 15:46:35.543, 0, NVIDIA A40, 0, 15.68, 0
2026/06/19 15:46:36.051, 0, NVIDIA A40, 0, 15.68, 0
2026/06/19 15:46:36.559, 0, NVIDIA A40, 0, 15.48, 0
2026/06/19 15:46:37.066, 0, NVIDIA A40, 0, 15.48, 0
2026/06/19 15:46:37.573, 0, NVIDIA A40, 0, 15.14, 0
2026/06/19 15:46:38.081, 0, NVIDIA A40, 0, 15.14, 0
2026/06/19 15:46:38.588, 0, NVIDIA A40, 0, 15.34, 0
2026/06/19 15:46:39.096, 0, NVIDIA A40, 0, 15.34, 0
2026/06/19 15:46:39.603, 0, NVIDIA A40, 0, 15.34, 0
2026/06/19 15:46:40.111, 0, NVIDIA A40, 0, 15.34, 0
2026/06/19 15:46:40.618, 0, NVIDIA A40, 0, 15.19, 0
2026/06/19 15:46:41.125, 0, NVIDIA A40, 0, 15.19, 0
2026/06/19 15:46:41.632, 0, NVIDIA A40, 0, 15.39, 0
2026/06/19 15:46:42.139, 0, NVIDIA A40, 0, 15.39, 0
2026/06/19 15:46:42.646, 0, NVIDIA A40, 0, 15.44, 0
2026/06/19 15:46:43.154, 0, NVIDIA A40, 0, 15.44, 0
2026/06/19 15:46:43.661, 0, NVIDIA A40, 0, 15.09, 0
2026/06/19 15:46:44.168, 0, NVIDIA A40, 0, 15.09, 0
2026/06/19 15:46:44.675, 0, NVIDIA A40, 0, 15.14, 0
2026/06/19 15:46:45.182, 0, NVIDIA A40, 0, 15.14, 0
2026/06/19 15:46:45.689, 0, NVIDIA A40, 0, 15.24, 0
2026/06/19 15:46:46.197, 0, NVIDIA A40, 0, 15.24, 0
2026/06/19 15:46:46.704, 0, NVIDIA A40, 0, 15.10, 0
2026/06/19 15:46:47.211, 0, NVIDIA A40, 0, 15.10, 0
2026/06/19 15:46:47.719, 0, NVIDIA A40, 0, 14.94, 0
2026/06/19 15:46:48.226, 0, NVIDIA A40, 0, 14.94, 0
2026/06/19 15:46:48.734, 0, NVIDIA A40, 0, 14.99, 0
2026/06/19 15:46:49.241, 0, NVIDIA A40, 0, 14.99, 0
2026/06/19 15:46:49.749, 0, NVIDIA A40, 0, 14.99, 0
2026/06/19 15:46:50.256, 0, NVIDIA A40, 0, 14.99, 0
2026/06/19 15:46:50.764, 0, NVIDIA A40, 0, 15.09, 0
2026/06/19 15:46:51.271, 0, NVIDIA A40, 0, 15.09, 0
2026/06/19 15:46:51.779, 0, NVIDIA A40, 0, 15.14, 0
2026/06/19 15:46:52.286, 0, NVIDIA A40, 0, 15.14, 0
2026/06/19 15:46:52.793, 0, NVIDIA A40, 0, 15.09, 0
2026/06/19 15:46:53.301, 0, NVIDIA A40, 0, 15.09, 0
2026/06/19 15:46:53.808, 0, NVIDIA A40, 0, 15.04, 0
2026/06/19 15:46:54.315, 0, NVIDIA A40, 0, 15.04, 0
2026/06/19 15:46:54.823, 0, NVIDIA A40, 0, 15.14, 0
2026/06/19 15:46:55.330, 0, NVIDIA A40, 0, 15.14, 0
2026/06/19 15:46:55.838, 0, NVIDIA A40, 0, 15.19, 0
2026/06/19 15:46:56.345, 0, NVIDIA A40, 0, 15.19, 0
2026/06/19 15:46:56.853, 0, NVIDIA A40, 0, 15.04, 0
2026/06/19 15:46:57.360, 0, NVIDIA A40, 0, 15.04, 0
2026/06/19 15:46:57.868, 0, NVIDIA A40, 0, 15.04, 0
2026/06/19 15:46:58.375, 0, NVIDIA A40, 0, 15.04, 0
2026/06/19 15:46:58.882, 0, NVIDIA A40, 0, 15.43, 0
2026/06/19 15:46:59.390, 0, NVIDIA A40, 0, 15.43, 0
2026/06/19 15:46:59.897, 0, NVIDIA A40, 0, 15.68, 0
2026/06/19 15:47:00.404, 0, NVIDIA A40, 0, 15.68, 0
2026/06/19 15:47:00.912, 0, NVIDIA A40, 0, 15.53, 0
2026/06/19 15:47:01.419, 0, NVIDIA A40, 0, 15.53, 0
2026/06/19 15:47:01.927, 0, NVIDIA A40, 0, 15.87, 0
2026/06/19 15:47:02.434, 0, NVIDIA A40, 0, 15.87, 0
2026/06/19 15:47:02.942, 0, NVIDIA A40, 0, 19.24, 0
2026/06/19 15:47:03.449, 0, NVIDIA A40, 0, 17.15, 0
2026/06/19 15:47:03.957, 0, NVIDIA A40, 0, 17.15, 0
2026/06/19 15:47:04.464, 0, NVIDIA A40, 0, 15.10, 0
2026/06/19 15:47:04.972, 0, NVIDIA A40, 0, 15.10, 0
2026/06/19 15:47:05.479, 0, NVIDIA A40, 0, 15.14, 0
2026/06/19 15:47:05.987, 0, NVIDIA A40, 0, 15.14, 0
2026/06/19 15:47:06.494, 0, NVIDIA A40, 0, 15.24, 0
2026/06/19 15:47:07.002, 0, NVIDIA A40, 0, 15.24, 0
2026/06/19 15:47:07.509, 0, NVIDIA A40, 0, 15.24, 0
2026/06/19 15:47:08.017, 0, NVIDIA A40, 0, 15.24, 0
2026/06/19 15:47:08.524, 0, NVIDIA A40, 0, 15.04, 0
2026/06/19 15:47:09.032, 0, NVIDIA A40, 0, 15.04, 0
2026/06/19 15:47:09.539, 0, NVIDIA A40, 0, 14.95, 0
2026/06/19 15:47:10.047, 0, NVIDIA A40, 0, 14.95, 0
2026/06/19 15:47:10.554, 0, NVIDIA A40, 0, 15.00, 0
2026/06/19 15:47:11.062, 0, NVIDIA A40, 0, 15.00, 0
2026/06/19 15:47:11.569, 0, NVIDIA A40, 0, 15.09, 0
2026/06/19 15:47:12.077, 0, NVIDIA A40, 0, 15.09, 0
2026/06/19 15:47:12.584, 0, NVIDIA A40, 0, 15.29, 0
2026/06/19 15:47:13.091, 0, NVIDIA A40, 0, 15.29, 0
2026/06/19 15:47:13.599, 0, NVIDIA A40, 0, 15.29, 0
2026/06/19 15:47:14.106, 0, NVIDIA A40, 0, 15.29, 0
2026/06/19 15:47:14.613, 0, NVIDIA A40, 0, 15.34, 0
2026/06/19 15:47:15.121, 0, NVIDIA A40, 0, 15.34, 0
2026/06/19 15:47:15.628, 0, NVIDIA A40, 0, 15.34, 0
2026/06/19 15:47:16.135, 0, NVIDIA A40, 0, 15.34, 0
2026/06/19 15:47:16.643, 0, NVIDIA A40, 0, 15.24, 0
2026/06/19 15:47:17.150, 0, NVIDIA A40, 0, 15.24, 0
2026/06/19 15:47:17.657, 0, NVIDIA A40, 0, 16.80, 0
2026/06/19 15:47:18.164, 0, NVIDIA A40, 0, 16.80, 0
2026/06/19 15:47:18.671, 0, NVIDIA A40, 0, 16.70, 0
2026/06/19 15:47:19.178, 0, NVIDIA A40, 0, 16.70, 0
2026/06/19 15:47:19.686, 0, NVIDIA A40, 0, 15.04, 0
2026/06/19 15:47:20.193, 0, NVIDIA A40, 0, 15.04, 0
2026/06/19 15:47:20.700, 0, NVIDIA A40, 0, 24.42, 0
2026/06/19 15:47:21.207, 0, NVIDIA A40, 0, 24.42, 0
2026/06/19 15:47:21.715, 0, NVIDIA A40, 0, 19.81, 0
2026/06/19 15:47:22.222, 0, NVIDIA A40, 0, 19.81, 0
2026/06/19 15:47:22.729, 0, NVIDIA A40, 0, 15.19, 0
2026/06/19 15:47:23.237, 0, NVIDIA A40, 0, 15.19, 0
2026/06/19 15:47:23.744, 0, NVIDIA A40, 0, 15.05, 0
2026/06/19 15:47:24.251, 0, NVIDIA A40, 0, 15.05, 0
2026/06/19 15:47:24.759, 0, NVIDIA A40, 0, 15.00, 0
2026/06/19 15:47:25.266, 0, NVIDIA A40, 0, 15.00, 0
2026/06/19 15:47:25.774, 0, NVIDIA A40, 0, 15.09, 0
2026/06/19 15:47:26.281, 0, NVIDIA A40, 0, 15.09, 0
2026/06/19 15:47:26.789, 0, NVIDIA A40, 0, 14.99, 0
2026/06/19 15:47:27.296, 0, NVIDIA A40, 0, 14.99, 0
2026/06/19 15:47:27.804, 0, NVIDIA A40, 0, 14.90, 0
2026/06/19 15:47:28.311, 0, NVIDIA A40, 0, 14.90, 0
2026/06/19 15:47:28.819, 0, NVIDIA A40, 0, 14.94, 0
2026/06/19 15:47:29.326, 0, NVIDIA A40, 0, 14.94, 0
2026/06/19 15:47:29.834, 0, NVIDIA A40, 0, 15.82, 0
2026/06/19 15:47:30.341, 0, NVIDIA A40, 0, 15.82, 0
2026/06/19 15:47:30.849, 0, NVIDIA A40, 0, 15.39, 0
2026/06/19 15:47:31.356, 0, NVIDIA A40, 0, 15.39, 0
2026/06/19 15:47:31.863, 0, NVIDIA A40, 0, 14.94, 0
2026/06/19 15:47:32.371, 0, NVIDIA A40, 0, 14.94, 0
2026/06/19 15:47:32.878, 0, NVIDIA A40, 0, 15.14, 0
2026/06/19 15:47:33.385, 0, NVIDIA A40, 0, 15.14, 0
2026/06/19 15:47:33.893, 0, NVIDIA A40, 0, 15.09, 0
2026/06/19 15:47:34.400, 0, NVIDIA A40, 0, 15.09, 0
2026/06/19 15:47:34.908, 0, NVIDIA A40, 0, 15.34, 0
2026/06/19 15:47:35.415, 0, NVIDIA A40, 0, 15.34, 0
2026/06/19 15:47:35.923, 0, NVIDIA A40, 0, 16.41, 0
2026/06/19 15:47:36.430, 0, NVIDIA A40, 0, 17.29, 0
2026/06/19 15:47:36.938, 0, NVIDIA A40, 0, 17.29, 0
2026/06/19 15:47:37.445, 0, NVIDIA A40, 0, 15.04, 0
2026/06/19 15:47:37.952, 0, NVIDIA A40, 0, 15.04, 0
2026/06/19 15:47:38.459, 0, NVIDIA A40, 0, 14.95, 0
2026/06/19 15:47:38.967, 0, NVIDIA A40, 0, 14.95, 0
2026/06/19 15:47:39.474, 0, NVIDIA A40, 0, 14.95, 0
2026/06/19 15:47:39.982, 0, NVIDIA A40, 0, 14.95, 0
2026/06/19 15:47:40.489, 0, NVIDIA A40, 0, 15.29, 0
2026/06/19 15:47:40.997, 0, NVIDIA A40, 0, 15.29, 0
2026/06/19 15:47:41.504, 0, NVIDIA A40, 0, 15.34, 0
2026/06/19 15:47:42.012, 0, NVIDIA A40, 0, 15.34, 0
2026/06/19 15:47:42.519, 0, NVIDIA A40, 0, 15.09, 0
2026/06/19 15:47:43.027, 0, NVIDIA A40, 0, 15.09, 0
2026/06/19 15:47:43.534, 0, NVIDIA A40, 0, 15.09, 0
2026/06/19 15:47:44.042, 0, NVIDIA A40, 0, 15.09, 0
2026/06/19 15:47:44.549, 0, NVIDIA A40, 0, 15.09, 0
2026/06/19 15:47:45.057, 0, NVIDIA A40, 0, 15.09, 0
2026/06/19 15:47:45.564, 0, NVIDIA A40, 0, 14.99, 0
2026/06/19 15:47:46.072, 0, NVIDIA A40, 0, 14.99, 0
2026/06/19 15:47:46.579, 0, NVIDIA A40, 0, 15.09, 0
2026/06/19 15:47:47.087, 0, NVIDIA A40, 0, 15.09, 0
2026/06/19 15:47:47.594, 0, NVIDIA A40, 0, 15.14, 0
2026/06/19 15:47:48.102, 0, NVIDIA A40, 0, 15.14, 0
2026/06/19 15:47:48.609, 0, NVIDIA A40, 0, 14.99, 0
2026/06/19 15:47:49.117, 0, NVIDIA A40, 0, 14.99, 0
2026/06/19 15:47:49.624, 0, NVIDIA A40, 0, 14.90, 0
2026/06/19 15:47:50.132, 0, NVIDIA A40, 0, 14.90, 0
2026/06/19 15:47:50.639, 0, NVIDIA A40, 0, 15.04, 0
2026/06/19 15:47:51.146, 0, NVIDIA A40, 0, 15.04, 0
2026/06/19 15:47:51.653, 0, NVIDIA A40, 0, 15.04, 0
2026/06/19 15:47:52.160, 0, NVIDIA A40, 0, 15.04, 0
2026/06/19 15:47:52.667, 0, NVIDIA A40, 0, 14.90, 0
2026/06/19 15:47:53.174, 0, NVIDIA A40, 0, 14.90, 0
2026/06/19 15:47:53.682, 0, NVIDIA A40, 0, 14.85, 0
2026/06/19 15:47:54.189, 0, NVIDIA A40, 0, 14.85, 0
2026/06/19 15:47:54.696, 0, NVIDIA A40, 0, 14.95, 0
2026/06/19 15:47:55.203, 0, NVIDIA A40, 0, 14.95, 0
2026/06/19 15:47:55.710, 0, NVIDIA A40, 0, 15.00, 0
2026/06/19 15:47:56.217, 0, NVIDIA A40, 0, 15.00, 0
2026/06/19 15:47:56.725, 0, NVIDIA A40, 0, 15.09, 0
2026/06/19 15:47:57.233, 0, NVIDIA A40, 0, 15.09, 0
2026/06/19 15:47:57.740, 0, NVIDIA A40, 0, 15.43, 0
2026/06/19 15:47:58.247, 0, NVIDIA A40, 0, 15.43, 0
2026/06/19 15:47:58.755, 0, NVIDIA A40, 0, 16.17, 0
2026/06/19 15:47:59.262, 0, NVIDIA A40, 0, 16.17, 0
2026/06/19 15:47:59.770, 0, NVIDIA A40, 0, 15.73, 0
2026/06/19 15:48:00.277, 0, NVIDIA A40, 0, 15.73, 0
2026/06/19 15:48:00.785, 0, NVIDIA A40, 0, 14.75, 0
2026/06/19 15:48:01.292, 0, NVIDIA A40, 0, 14.75, 0
2026/06/19 15:48:01.799, 0, NVIDIA A40, 0, 26.38, 0
2026/06/19 15:48:02.307, 0, NVIDIA A40, 0, 26.38, 0
2026/06/19 15:48:02.814, 0, NVIDIA A40, 0, 20.57, 0
2026/06/19 15:48:03.322, 0, NVIDIA A40, 0, 20.57, 0
2026/06/19 15:48:03.829, 0, NVIDIA A40, 0, 14.75, 0
2026/06/19 15:48:04.336, 0, NVIDIA A40, 0, 14.75, 0
2026/06/19 15:48:04.844, 0, NVIDIA A40, 0, 15.43, 0
2026/06/19 15:48:05.351, 0, NVIDIA A40, 0, 15.43, 0
2026/06/19 15:48:05.859, 0, NVIDIA A40, 0, 15.53, 0
2026/06/19 15:48:06.366, 0, NVIDIA A40, 0, 15.53, 0
2026/06/19 15:48:06.874, 0, NVIDIA A40, 0, 15.53, 0
2026/06/19 15:48:07.381, 0, NVIDIA A40, 0, 15.53, 0
2026/06/19 15:48:07.889, 0, NVIDIA A40, 0, 15.34, 0
2026/06/19 15:48:08.396, 0, NVIDIA A40, 0, 15.34, 0
2026/06/19 15:48:08.903, 0, NVIDIA A40, 0, 15.73, 0
2026/06/19 15:48:09.410, 0, NVIDIA A40, 0, 15.73, 0
2026/06/19 15:48:09.918, 0, NVIDIA A40, 0, 17.29, 0
2026/06/19 15:48:10.425, 0, NVIDIA A40, 0, 16.65, 0
2026/06/19 15:48:10.933, 0, NVIDIA A40, 0, 16.65, 0
2026/06/19 15:48:11.440, 0, NVIDIA A40, 0, 15.24, 0
2026/06/19 15:48:11.948, 0, NVIDIA A40, 0, 15.24, 0
2026/06/19 15:48:12.455, 0, NVIDIA A40, 0, 15.39, 0
2026/06/19 15:48:12.963, 0, NVIDIA A40, 0, 15.39, 0
2026/06/19 15:48:13.470, 0, NVIDIA A40, 0, 15.38, 0
2026/06/19 15:48:13.978, 0, NVIDIA A40, 0, 15.38, 0
2026/06/19 15:48:14.485, 0, NVIDIA A40, 0, 15.38, 0
2026/06/19 15:48:14.993, 0, NVIDIA A40, 0, 15.38, 0
2026/06/19 15:48:15.500, 0, NVIDIA A40, 0, 15.14, 0
2026/06/19 15:48:16.008, 0, NVIDIA A40, 0, 15.14, 0
2026/06/19 15:48:16.515, 0, NVIDIA A40, 0, 14.99, 0
2026/06/19 15:48:17.023, 0, NVIDIA A40, 0, 14.99, 0
2026/06/19 15:48:17.530, 0, NVIDIA A40, 0, 14.94, 0
2026/06/19 15:48:18.038, 0, NVIDIA A40, 0, 14.94, 0
2026/06/19 15:48:18.545, 0, NVIDIA A40, 0, 14.99, 0
2026/06/19 15:48:19.052, 0, NVIDIA A40, 0, 14.99, 0
2026/06/19 15:48:19.560, 0, NVIDIA A40, 0, 15.19, 0
2026/06/19 15:48:20.067, 0, NVIDIA A40, 0, 15.19, 0
2026/06/19 15:48:20.575, 0, NVIDIA A40, 0, 15.09, 0
2026/06/19 15:48:21.082, 0, NVIDIA A40, 0, 15.09, 0
2026/06/19 15:48:21.589, 0, NVIDIA A40, 0, 14.85, 0
2026/06/19 15:48:22.097, 0, NVIDIA A40, 0, 14.85, 0
2026/06/19 15:48:22.604, 0, NVIDIA A40, 0, 15.09, 0
2026/06/19 15:48:23.112, 0, NVIDIA A40, 0, 15.09, 0
2026/06/19 15:48:23.619, 0, NVIDIA A40, 0, 15.14, 0
2026/06/19 15:48:24.127, 0, NVIDIA A40, 0, 15.14, 0
2026/06/19 15:48:24.634, 0, NVIDIA A40, 0, 14.80, 0
2026/06/19 15:48:25.142, 0, NVIDIA A40, 0, 14.80, 0
2026/06/19 15:48:25.649, 0, NVIDIA A40, 0, 14.70, 0
2026/06/19 15:48:26.156, 0, NVIDIA A40, 0, 14.70, 0
2026/06/19 15:48:26.663, 0, NVIDIA A40, 0, 14.85, 0
2026/06/19 15:48:27.170, 0, NVIDIA A40, 0, 14.85, 0
2026/06/19 15:48:27.678, 0, NVIDIA A40, 0, 14.90, 0
2026/06/19 15:48:28.185, 0, NVIDIA A40, 0, 14.90, 0
2026/06/19 15:48:28.692, 0, NVIDIA A40, 0, 14.85, 0
2026/06/19 15:48:29.199, 0, NVIDIA A40, 0, 14.85, 0
2026/06/19 15:48:29.706, 0, NVIDIA A40, 0, 14.75, 0
2026/06/19 15:48:30.213, 0, NVIDIA A40, 0, 14.75, 0
2026/06/19 15:48:30.721, 0, NVIDIA A40, 0, 14.75, 0
2026/06/19 15:48:31.228, 0, NVIDIA A40, 0, 14.75, 0
2026/06/19 15:48:31.735, 0, NVIDIA A40, 0, 14.75, 0
2026/06/19 15:48:32.242, 0, NVIDIA A40, 0, 14.75, 0
2026/06/19 15:48:32.750, 0, NVIDIA A40, 0, 14.90, 0
2026/06/19 15:48:33.257, 0, NVIDIA A40, 0, 14.90, 0
2026/06/19 15:48:33.765, 0, NVIDIA A40, 0, 14.99, 0
2026/06/19 15:48:34.272, 0, NVIDIA A40, 0, 14.99, 0
2026/06/19 15:48:34.780, 0, NVIDIA A40, 0, 14.80, 0
2026/06/19 15:48:35.287, 0, NVIDIA A40, 0, 14.80, 0
2026/06/19 15:48:35.795, 0, NVIDIA A40, 0, 14.85, 0
2026/06/19 15:48:36.302, 0, NVIDIA A40, 0, 14.85, 0
2026/06/19 15:48:36.809, 0, NVIDIA A40, 0, 14.99, 0
2026/06/19 15:48:37.316, 0, NVIDIA A40, 0, 14.99, 0
2026/06/19 15:48:37.824, 0, NVIDIA A40, 0, 14.94, 0
2026/06/19 15:48:38.331, 0, NVIDIA A40, 0, 14.94, 0
2026/06/19 15:48:38.839, 0, NVIDIA A40, 0, 14.80, 0
2026/06/19 15:48:39.346, 0, NVIDIA A40, 0, 14.80, 0
2026/06/19 15:48:39.854, 0, NVIDIA A40, 0, 15.34, 0
2026/06/19 15:48:40.361, 0, NVIDIA A40, 0, 15.34, 0
2026/06/19 15:48:40.869, 0, NVIDIA A40, 0, 15.63, 0
2026/06/19 15:48:41.376, 0, NVIDIA A40, 0, 15.63, 0
2026/06/19 15:48:41.884, 0, NVIDIA A40, 0, 15.29, 0
2026/06/19 15:48:42.391, 0, NVIDIA A40, 0, 15.29, 0
2026/06/19 15:48:42.899, 0, NVIDIA A40, 0, 21.78, 0
2026/06/19 15:48:43.406, 0, NVIDIA A40, 0, 21.78, 0
2026/06/19 15:48:43.914, 0, NVIDIA A40, 0, 23.45, 0
2026/06/19 15:48:44.425, 0, NVIDIA A40, 0, 14.94, 0
2026/06/19 15:48:44.932, 0, NVIDIA A40, 0, 14.94, 0
2026/06/19 15:48:45.439, 0, NVIDIA A40, 0, 14.99, 0
2026/06/19 15:48:45.947, 0, NVIDIA A40, 0, 14.99, 0
2026/06/19 15:48:46.454, 0, NVIDIA A40, 0, 15.04, 0
2026/06/19 15:48:46.962, 0, NVIDIA A40, 0, 15.04, 0
2026/06/19 15:48:47.469, 0, NVIDIA A40, 0, 15.04, 0
2026/06/19 15:48:47.977, 0, NVIDIA A40, 0, 15.04, 0
2026/06/19 15:48:48.484, 0, NVIDIA A40, 0, 14.99, 0
2026/06/19 15:48:48.992, 0, NVIDIA A40, 0, 14.99, 0
2026/06/19 15:48:49.499, 0, NVIDIA A40, 0, 14.99, 0
2026/06/19 15:48:50.007, 0, NVIDIA A40, 0, 14.99, 0
2026/06/19 15:48:50.515, 0, NVIDIA A40, 0, 14.99, 0
2026/06/19 15:48:51.022, 0, NVIDIA A40, 0, 14.99, 0
2026/06/19 15:48:51.529, 0, NVIDIA A40, 0, 14.90, 0
2026/06/19 15:48:52.037, 0, NVIDIA A40, 0, 14.90, 0
2026/06/19 15:48:52.544, 0, NVIDIA A40, 0, 14.90, 0
2026/06/19 15:48:53.052, 0, NVIDIA A40, 0, 14.90, 0
2026/06/19 15:48:53.559, 0, NVIDIA A40, 0, 14.99, 0
2026/06/19 15:48:54.067, 0, NVIDIA A40, 0, 14.99, 0
2026/06/19 15:48:54.574, 0, NVIDIA A40, 0, 14.80, 0
2026/06/19 15:48:55.082, 0, NVIDIA A40, 0, 14.80, 0
2026/06/19 15:48:55.589, 0, NVIDIA A40, 0, 15.04, 0
2026/06/19 15:48:56.097, 0, NVIDIA A40, 0, 15.04, 0
2026/06/19 15:48:56.604, 0, NVIDIA A40, 0, 15.39, 0
2026/06/19 15:48:57.112, 0, NVIDIA A40, 0, 15.39, 0
2026/06/19 15:48:57.619, 0, NVIDIA A40, 0, 15.19, 0
2026/06/19 15:48:58.127, 0, NVIDIA A40, 0, 15.19, 0
2026/06/19 15:48:58.634, 0, NVIDIA A40, 0, 14.70, 0
2026/06/19 15:48:59.142, 0, NVIDIA A40, 0, 14.70, 0
2026/06/19 15:48:59.649, 0, NVIDIA A40, 0, 15.04, 0
2026/06/19 15:49:00.156, 0, NVIDIA A40, 0, 15.04, 0
2026/06/19 15:49:00.663, 0, NVIDIA A40, 0, 14.85, 0
2026/06/19 15:49:01.170, 0, NVIDIA A40, 0, 14.85, 0
2026/06/19 15:49:01.677, 0, NVIDIA A40, 0, 14.75, 0
2026/06/19 15:49:02.185, 0, NVIDIA A40, 0, 14.75, 0
2026/06/19 15:49:02.692, 0, NVIDIA A40, 0, 14.80, 0
2026/06/19 15:49:03.199, 0, NVIDIA A40, 0, 14.80, 0
2026/06/19 15:49:03.706, 0, NVIDIA A40, 0, 14.75, 0
2026/06/19 15:49:04.213, 0, NVIDIA A40, 0, 14.75, 0
2026/06/19 15:49:04.720, 0, NVIDIA A40, 0, 14.94, 0
2026/06/19 15:49:05.228, 0, NVIDIA A40, 0, 14.94, 0
2026/06/19 15:49:05.735, 0, NVIDIA A40, 0, 15.19, 0
2026/06/19 15:49:06.242, 0, NVIDIA A40, 0, 15.19, 0
2026/06/19 15:49:06.750, 0, NVIDIA A40, 0, 15.09, 0
2026/06/19 15:49:07.257, 0, NVIDIA A40, 0, 15.09, 0
2026/06/19 15:49:07.765, 0, NVIDIA A40, 0, 14.80, 0
2026/06/19 15:49:08.272, 0, NVIDIA A40, 0, 14.80, 0
2026/06/19 15:49:08.780, 0, NVIDIA A40, 0, 14.80, 0
2026/06/19 15:49:09.287, 0, NVIDIA A40, 0, 14.80, 0
2026/06/19 15:49:09.795, 0, NVIDIA A40, 0, 14.90, 0
2026/06/19 15:49:10.302, 0, NVIDIA A40, 0, 14.90, 0
2026/06/19 15:49:10.810, 0, NVIDIA A40, 0, 15.04, 0
2026/06/19 15:49:11.317, 0, NVIDIA A40, 0, 15.04, 0
2026/06/19 15:49:11.825, 0, NVIDIA A40, 0, 15.04, 0
2026/06/19 15:49:12.332, 0, NVIDIA A40, 0, 15.04, 0
2026/06/19 15:49:12.840, 0, NVIDIA A40, 0, 14.80, 0
2026/06/19 15:49:13.347, 0, NVIDIA A40, 0, 14.80, 0
2026/06/19 15:49:13.855, 0, NVIDIA A40, 0, 15.24, 0
2026/06/19 15:49:14.362, 0, NVIDIA A40, 0, 15.24, 0
2026/06/19 15:49:14.870, 0, NVIDIA A40, 0, 15.19, 0
2026/06/19 15:49:15.377, 0, NVIDIA A40, 0, 15.19, 0
2026/06/19 15:49:15.884, 0, NVIDIA A40, 0, 15.53, 0
2026/06/19 15:49:16.392, 0, NVIDIA A40, 0, 15.53, 0
2026/06/19 15:49:16.899, 0, NVIDIA A40, 0, 17.24, 0
2026/06/19 15:49:17.406, 0, NVIDIA A40, 0, 16.56, 0
2026/06/19 15:49:17.914, 0, NVIDIA A40, 0, 16.56, 0
2026/06/19 15:49:18.421, 0, NVIDIA A40, 0, 14.80, 0
2026/06/19 15:49:18.929, 0, NVIDIA A40, 0, 14.80, 0
2026/06/19 15:49:19.436, 0, NVIDIA A40, 0, 14.85, 0
2026/06/19 15:49:19.944, 0, NVIDIA A40, 0, 14.85, 0
2026/06/19 15:49:20.451, 0, NVIDIA A40, 0, 14.65, 0
2026/06/19 15:49:20.959, 0, NVIDIA A40, 0, 14.65, 0
2026/06/19 15:49:21.466, 0, NVIDIA A40, 0, 14.85, 0
2026/06/19 15:49:21.974, 0, NVIDIA A40, 0, 14.85, 0
2026/06/19 15:49:22.481, 0, NVIDIA A40, 0, 15.00, 0
2026/06/19 15:49:22.988, 0, NVIDIA A40, 0, 15.00, 0
2026/06/19 15:49:23.496, 0, NVIDIA A40, 0, 14.90, 0
2026/06/19 15:49:24.003, 0, NVIDIA A40, 0, 14.90, 0
2026/06/19 15:49:24.510, 0, NVIDIA A40, 0, 14.80, 0
2026/06/19 15:49:25.018, 0, NVIDIA A40, 0, 14.80, 0
2026/06/19 15:49:25.525, 0, NVIDIA A40, 0, 14.90, 0
2026/06/19 15:49:26.033, 0, NVIDIA A40, 0, 14.90, 0
2026/06/19 15:49:26.540, 0, NVIDIA A40, 0, 14.99, 0
2026/06/19 15:49:27.048, 0, NVIDIA A40, 0, 14.99, 0
2026/06/19 15:49:27.555, 0, NVIDIA A40, 0, 14.75, 0
2026/06/19 15:49:28.063, 0, NVIDIA A40, 0, 14.75, 0
2026/06/19 15:49:28.570, 0, NVIDIA A40, 0, 14.90, 0
2026/06/19 15:49:29.078, 0, NVIDIA A40, 0, 14.90, 0
2026/06/19 15:49:29.585, 0, NVIDIA A40, 0, 15.04, 0
2026/06/19 15:49:30.093, 0, NVIDIA A40, 0, 15.04, 0
2026/06/19 15:49:30.600, 0, NVIDIA A40, 0, 14.99, 0
2026/06/19 15:49:31.107, 0, NVIDIA A40, 0, 14.99, 0
2026/06/19 15:49:31.615, 0, NVIDIA A40, 0, 15.34, 0
2026/06/19 15:49:32.122, 0, NVIDIA A40, 0, 15.34, 0
2026/06/19 15:49:32.629, 0, NVIDIA A40, 0, 15.34, 0
2026/06/19 15:49:33.137, 0, NVIDIA A40, 0, 15.34, 0
2026/06/19 15:49:33.644, 0, NVIDIA A40, 0, 14.80, 0
2026/06/19 15:49:34.152, 0, NVIDIA A40, 0, 14.80, 0
2026/06/19 15:49:34.659, 0, NVIDIA A40, 0, 28.31, 0
2026/06/19 15:49:35.167, 0, NVIDIA A40, 0, 28.31, 0
2026/06/19 15:49:35.674, 0, NVIDIA A40, 0, 21.58, 0
2026/06/19 15:49:36.181, 0, NVIDIA A40, 0, 21.58, 0
2026/06/19 15:49:36.688, 0, NVIDIA A40, 0, 14.85, 0
2026/06/19 15:49:37.195, 0, NVIDIA A40, 0, 14.85, 0
2026/06/19 15:49:37.703, 0, NVIDIA A40, 0, 14.80, 0
2026/06/19 15:49:38.210, 0, NVIDIA A40, 0, 14.80, 0
2026/06/19 15:49:38.717, 0, NVIDIA A40, 0, 14.99, 0
2026/06/19 15:49:39.224, 0, NVIDIA A40, 0, 14.99, 0
2026/06/19 15:49:39.731, 0, NVIDIA A40, 0, 15.04, 0
2026/06/19 15:49:40.238, 0, NVIDIA A40, 0, 15.04, 0
2026/06/19 15:49:40.746, 0, NVIDIA A40, 0, 14.90, 0
2026/06/19 15:49:41.253, 0, NVIDIA A40, 0, 14.90, 0
2026/06/19 15:49:41.761, 0, NVIDIA A40, 0, 14.65, 0
2026/06/19 15:49:42.268, 0, NVIDIA A40, 0, 14.65, 0
2026/06/19 15:49:42.776, 0, NVIDIA A40, 0, 14.55, 0
2026/06/19 15:49:43.283, 0, NVIDIA A40, 0, 14.55, 0
2026/06/19 15:49:43.791, 0, NVIDIA A40, 0, 14.94, 0
2026/06/19 15:49:44.298, 0, NVIDIA A40, 0, 14.94, 0
2026/06/19 15:49:44.806, 0, NVIDIA A40, 0, 15.24, 0
2026/06/19 15:49:45.313, 0, NVIDIA A40, 0, 15.24, 0
2026/06/19 15:49:45.820, 0, NVIDIA A40, 0, 15.05, 0
2026/06/19 15:49:46.327, 0, NVIDIA A40, 0, 15.05, 0
2026/06/19 15:49:46.835, 0, NVIDIA A40, 0, 14.90, 0
2026/06/19 15:49:47.342, 0, NVIDIA A40, 0, 14.90, 0
2026/06/19 15:49:47.850, 0, NVIDIA A40, 0, 15.34, 0
2026/06/19 15:49:48.357, 0, NVIDIA A40, 0, 15.34, 0
2026/06/19 15:49:48.865, 0, NVIDIA A40, 0, 15.63, 0
2026/06/19 15:49:49.372, 0, NVIDIA A40, 0, 15.63, 0
2026/06/19 15:49:49.880, 0, NVIDIA A40, 0, 16.36, 0
2026/06/19 15:49:50.387, 0, NVIDIA A40, 0, 16.36, 0
2026/06/19 15:49:50.894, 0, NVIDIA A40, 0, 17.34, 0
2026/06/19 15:49:51.402, 0, NVIDIA A40, 0, 15.24, 0
2026/06/19 15:49:51.909, 0, NVIDIA A40, 0, 15.24, 0
2026/06/19 15:49:52.416, 0, NVIDIA A40, 0, 15.14, 0
2026/06/19 15:49:52.924, 0, NVIDIA A40, 0, 15.14, 0
2026/06/19 15:49:53.431, 0, NVIDIA A40, 0, 14.85, 0
2026/06/19 15:49:53.939, 0, NVIDIA A40, 0, 14.85, 0
2026/06/19 15:49:54.446, 0, NVIDIA A40, 0, 14.85, 0
2026/06/19 15:49:54.954, 0, NVIDIA A40, 0, 14.85, 0
2026/06/19 15:49:55.461, 0, NVIDIA A40, 0, 15.04, 0
2026/06/19 15:49:55.968, 0, NVIDIA A40, 0, 15.04, 0
2026/06/19 15:49:56.475, 0, NVIDIA A40, 0, 14.99, 0
2026/06/19 15:49:56.983, 0, NVIDIA A40, 0, 14.99, 0
2026/06/19 15:49:57.490, 0, NVIDIA A40, 0, 14.75, 0
2026/06/19 15:49:57.998, 0, NVIDIA A40, 0, 14.75, 0
2026/06/19 15:49:58.505, 0, NVIDIA A40, 0, 14.60, 0
2026/06/19 15:49:59.013, 0, NVIDIA A40, 0, 14.60, 0
2026/06/19 15:49:59.520, 0, NVIDIA A40, 0, 14.60, 0
2026/06/19 15:50:00.028, 0, NVIDIA A40, 0, 14.60, 0
2026/06/19 15:50:00.535, 0, NVIDIA A40, 0, 14.75, 0
2026/06/19 15:50:01.043, 0, NVIDIA A40, 0, 14.75, 0
2026/06/19 15:50:01.550, 0, NVIDIA A40, 0, 14.90, 0
2026/06/19 15:50:02.058, 0, NVIDIA A40, 0, 14.90, 0
2026/06/19 15:50:02.565, 0, NVIDIA A40, 0, 14.90, 0
2026/06/19 15:50:03.073, 0, NVIDIA A40, 0, 14.90, 0
2026/06/19 15:50:03.580, 0, NVIDIA A40, 0, 14.94, 0
2026/06/19 15:50:04.088, 0, NVIDIA A40, 0, 14.94, 0
2026/06/19 15:50:04.595, 0, NVIDIA A40, 0, 14.85, 0
2026/06/19 15:50:05.103, 0, NVIDIA A40, 0, 14.85, 0
2026/06/19 15:50:05.610, 0, NVIDIA A40, 0, 14.65, 0
2026/06/19 15:50:06.118, 0, NVIDIA A40, 0, 14.65, 0
2026/06/19 15:50:06.625, 0, NVIDIA A40, 0, 14.65, 0
2026/06/19 15:50:07.133, 0, NVIDIA A40, 0, 14.65, 0
2026/06/19 15:50:07.640, 0, NVIDIA A40, 0, 14.70, 0
2026/06/19 15:50:08.147, 0, NVIDIA A40, 0, 14.70, 0
2026/06/19 15:50:08.655, 0, NVIDIA A40, 0, 14.85, 0
2026/06/19 15:50:09.162, 0, NVIDIA A40, 0, 14.85, 0
2026/06/19 15:50:09.669, 0, NVIDIA A40, 0, 15.53, 0
2026/06/19 15:50:10.177, 0, NVIDIA A40, 0, 15.53, 0
2026/06/19 15:50:10.684, 0, NVIDIA A40, 0, 15.29, 0
2026/06/19 15:50:11.191, 0, NVIDIA A40, 0, 15.29, 0
2026/06/19 15:50:11.698, 0, NVIDIA A40, 0, 14.94, 0
2026/06/19 15:50:12.205, 0, NVIDIA A40, 0, 14.94, 0
2026/06/19 15:50:12.712, 0, NVIDIA A40, 0, 15.09, 0
2026/06/19 15:50:13.220, 0, NVIDIA A40, 0, 15.09, 0
2026/06/19 15:50:13.727, 0, NVIDIA A40, 0, 15.04, 0
2026/06/19 15:50:14.234, 0, NVIDIA A40, 0, 15.04, 0
2026/06/19 15:50:14.741, 0, NVIDIA A40, 0, 14.90, 0
2026/06/19 15:50:15.248, 0, NVIDIA A40, 0, 14.90, 0
2026/06/19 15:50:15.756, 0, NVIDIA A40, 0, 17.14, 0
2026/06/19 15:50:16.263, 0, NVIDIA A40, 0, 17.14, 0
2026/06/19 15:50:16.771, 0, NVIDIA A40, 0, 17.14, 0
2026/06/19 15:50:17.278, 0, NVIDIA A40, 0, 17.14, 0
2026/06/19 15:50:17.785, 0, NVIDIA A40, 0, 14.85, 0
2026/06/19 15:50:18.293, 0, NVIDIA A40, 0, 14.85, 0
2026/06/19 15:50:18.800, 0, NVIDIA A40, 0, 14.90, 0
2026/06/19 15:50:19.307, 0, NVIDIA A40, 0, 14.90, 0
2026/06/19 15:50:19.815, 0, NVIDIA A40, 0, 14.85, 0
2026/06/19 15:50:20.322, 0, NVIDIA A40, 0, 14.85, 0
2026/06/19 15:50:20.830, 0, NVIDIA A40, 0, 15.09, 0
2026/06/19 15:50:21.337, 0, NVIDIA A40, 0, 15.09, 0
2026/06/19 15:50:21.845, 0, NVIDIA A40, 0, 15.19, 0
2026/06/19 15:50:22.352, 0, NVIDIA A40, 0, 15.19, 0
2026/06/19 15:50:22.860, 0, NVIDIA A40, 0, 15.43, 0
2026/06/19 15:50:23.367, 0, NVIDIA A40, 0, 15.43, 0
2026/06/19 15:50:23.875, 0, NVIDIA A40, 0, 16.75, 0
2026/06/19 15:50:24.382, 0, NVIDIA A40, 0, 16.31, 0
2026/06/19 15:50:24.890, 0, NVIDIA A40, 0, 16.31, 0
2026/06/19 15:50:25.397, 0, NVIDIA A40, 0, 14.75, 0
2026/06/19 15:50:25.905, 0, NVIDIA A40, 0, 14.75, 0
2026/06/19 15:50:26.412, 0, NVIDIA A40, 0, 14.75, 0
2026/06/19 15:50:26.920, 0, NVIDIA A40, 0, 14.75, 0
2026/06/19 15:50:27.427, 0, NVIDIA A40, 0, 14.80, 0
2026/06/19 15:50:27.934, 0, NVIDIA A40, 0, 14.80, 0
2026/06/19 15:50:28.442, 0, NVIDIA A40, 0, 14.80, 0
2026/06/19 15:50:28.950, 0, NVIDIA A40, 0, 14.80, 0
2026/06/19 15:50:29.457, 0, NVIDIA A40, 0, 14.85, 0
2026/06/19 15:50:29.964, 0, NVIDIA A40, 0, 14.85, 0
2026/06/19 15:50:30.471, 0, NVIDIA A40, 0, 14.80, 0
2026/06/19 15:50:30.979, 0, NVIDIA A40, 0, 14.80, 0
2026/06/19 15:50:31.486, 0, NVIDIA A40, 0, 14.75, 0
2026/06/19 15:50:31.994, 0, NVIDIA A40, 0, 14.75, 0
2026/06/19 15:50:32.501, 0, NVIDIA A40, 0, 14.55, 0
2026/06/19 15:50:33.009, 0, NVIDIA A40, 0, 14.55, 0
2026/06/19 15:50:33.516, 0, NVIDIA A40, 0, 14.51, 0
2026/06/19 15:50:34.024, 0, NVIDIA A40, 0, 14.51, 0
2026/06/19 15:50:34.531, 0, NVIDIA A40, 0, 14.75, 0
2026/06/19 15:50:35.039, 0, NVIDIA A40, 0, 14.75, 0
2026/06/19 15:50:35.546, 0, NVIDIA A40, 0, 14.80, 0
2026/06/19 15:50:36.054, 0, NVIDIA A40, 0, 14.80, 0
2026/06/19 15:50:36.561, 0, NVIDIA A40, 0, 14.70, 0
2026/06/19 15:50:37.069, 0, NVIDIA A40, 0, 14.70, 0
2026/06/19 15:50:37.576, 0, NVIDIA A40, 0, 15.24, 0
2026/06/19 15:50:38.084, 0, NVIDIA A40, 0, 15.24, 0
2026/06/19 15:50:38.591, 0, NVIDIA A40, 0, 15.04, 0
2026/06/19 15:50:39.099, 0, NVIDIA A40, 0, 15.04, 0
2026/06/19 15:50:39.606, 0, NVIDIA A40, 0, 14.70, 0
2026/06/19 15:50:40.114, 0, NVIDIA A40, 0, 14.70, 0
2026/06/19 15:50:40.621, 0, NVIDIA A40, 0, 14.61, 0
2026/06/19 15:50:41.129, 0, NVIDIA A40, 0, 14.61, 0
2026/06/19 15:50:41.636, 0, NVIDIA A40, 0, 14.65, 0
2026/06/19 15:50:42.144, 0, NVIDIA A40, 0, 14.65, 0
2026/06/19 15:50:42.651, 0, NVIDIA A40, 0, 14.70, 0
2026/06/19 15:50:43.158, 0, NVIDIA A40, 0, 14.70, 0
2026/06/19 15:50:43.666, 0, NVIDIA A40, 0, 14.70, 0
2026/06/19 15:50:44.173, 0, NVIDIA A40, 0, 14.70, 0
2026/06/19 15:50:44.681, 0, NVIDIA A40, 0, 14.80, 0
2026/06/19 15:50:45.188, 0, NVIDIA A40, 0, 14.80, 0
2026/06/19 15:50:45.695, 0, NVIDIA A40, 0, 15.04, 0
2026/06/19 15:50:46.202, 0, NVIDIA A40, 0, 15.04, 0
2026/06/19 15:50:46.709, 0, NVIDIA A40, 0, 15.09, 0
2026/06/19 15:50:47.216, 0, NVIDIA A40, 0, 15.09, 0
2026/06/19 15:50:47.723, 0, NVIDIA A40, 0, 14.85, 0
2026/06/19 15:50:48.231, 0, NVIDIA A40, 0, 14.85, 0
2026/06/19 15:50:48.738, 0, NVIDIA A40, 0, 14.70, 0
2026/06/19 15:50:49.247, 0, NVIDIA A40, 0, 14.70, 0
2026/06/19 15:50:49.755, 0, NVIDIA A40, 0, 14.70, 0
2026/06/19 15:50:50.262, 0, NVIDIA A40, 0, 14.70, 0
2026/06/19 15:50:50.770, 0, NVIDIA A40, 0, 14.65, 0
2026/06/19 15:50:51.277, 0, NVIDIA A40, 0, 14.65, 0
2026/06/19 15:50:51.784, 0, NVIDIA A40, 0, 15.34, 0
2026/06/19 15:50:52.291, 0, NVIDIA A40, 0, 15.34, 0
2026/06/19 15:50:52.799, 0, NVIDIA A40, 0, 15.09, 0
2026/06/19 15:50:53.306, 0, NVIDIA A40, 0, 15.09, 0
2026/06/19 15:50:53.814, 0, NVIDIA A40, 0, 15.09, 0
2026/06/19 15:50:54.321, 0, NVIDIA A40, 0, 15.09, 0
2026/06/19 15:50:54.829, 0, NVIDIA A40, 0, 15.19, 0
2026/06/19 15:50:55.336, 0, NVIDIA A40, 0, 15.19, 0
2026/06/19 15:50:55.844, 0, NVIDIA A40, 0, 15.29, 0
2026/06/19 15:50:56.351, 0, NVIDIA A40, 0, 15.29, 0
2026/06/19 15:50:56.859, 0, NVIDIA A40, 0, 16.60, 0
2026/06/19 15:50:57.366, 0, NVIDIA A40, 0, 16.60, 0
2026/06/19 15:50:57.874, 0, NVIDIA A40, 0, 17.63, 0
2026/06/19 15:50:58.381, 0, NVIDIA A40, 0, 14.55, 0
2026/06/19 15:50:58.889, 0, NVIDIA A40, 0, 14.55, 0
2026/06/19 15:50:59.396, 0, NVIDIA A40, 0, 21.13, 0
2026/06/19 15:50:59.904, 0, NVIDIA A40, 0, 21.13, 0
2026/06/19 15:51:00.411, 0, NVIDIA A40, 0, 14.65, 0
2026/06/19 15:51:00.918, 0, NVIDIA A40, 0, 14.65, 0
2026/06/19 15:51:01.426, 0, NVIDIA A40, 0, 14.70, 0
2026/06/19 15:51:01.933, 0, NVIDIA A40, 0, 14.70, 0
2026/06/19 15:51:02.440, 0, NVIDIA A40, 0, 14.80, 0
2026/06/19 15:51:02.948, 0, NVIDIA A40, 0, 14.80, 0
2026/06/19 15:51:03.455, 0, NVIDIA A40, 0, 14.65, 0
2026/06/19 15:51:03.963, 0, NVIDIA A40, 0, 14.65, 0
2026/06/19 15:51:04.470, 0, NVIDIA A40, 0, 14.51, 0
2026/06/19 15:51:04.978, 0, NVIDIA A40, 0, 14.51, 0
2026/06/19 15:51:05.485, 0, NVIDIA A40, 0, 14.55, 0
2026/06/19 15:51:05.993, 0, NVIDIA A40, 0, 14.55, 0
2026/06/19 15:51:06.500, 0, NVIDIA A40, 0, 14.65, 0
2026/06/19 15:51:07.008, 0, NVIDIA A40, 0, 14.65, 0
2026/06/19 15:51:07.515, 0, NVIDIA A40, 0, 14.80, 0
2026/06/19 15:51:08.022, 0, NVIDIA A40, 0, 14.80, 0
2026/06/19 15:51:08.529, 0, NVIDIA A40, 0, 14.75, 0
2026/06/19 15:51:09.037, 0, NVIDIA A40, 0, 14.75, 0
2026/06/19 15:51:09.544, 0, NVIDIA A40, 0, 14.60, 0
2026/06/19 15:51:10.052, 0, NVIDIA A40, 0, 14.60, 0
2026/06/19 15:51:10.559, 0, NVIDIA A40, 0, 14.70, 0
2026/06/19 15:51:11.067, 0, NVIDIA A40, 0, 14.70, 0
2026/06/19 15:51:11.574, 0, NVIDIA A40, 0, 14.75, 0
2026/06/19 15:51:12.082, 0, NVIDIA A40, 0, 14.75, 0
2026/06/19 15:51:12.589, 0, NVIDIA A40, 0, 14.70, 0
2026/06/19 15:51:13.097, 0, NVIDIA A40, 0, 14.70, 0
2026/06/19 15:51:13.604, 0, NVIDIA A40, 0, 14.70, 0
2026/06/19 15:51:14.112, 0, NVIDIA A40, 0, 14.70, 0
2026/06/19 15:51:14.619, 0, NVIDIA A40, 0, 14.70, 0
2026/06/19 15:51:15.127, 0, NVIDIA A40, 0, 14.70, 0
2026/06/19 15:51:15.634, 0, NVIDIA A40, 0, 14.75, 0
2026/06/19 15:51:16.142, 0, NVIDIA A40, 0, 14.75, 0
2026/06/19 15:51:16.649, 0, NVIDIA A40, 0, 14.70, 0
2026/06/19 15:51:17.156, 0, NVIDIA A40, 0, 14.70, 0
2026/06/19 15:51:17.664, 0, NVIDIA A40, 0, 14.55, 0
2026/06/19 15:51:18.171, 0, NVIDIA A40, 0, 14.55, 0
2026/06/19 15:51:18.678, 0, NVIDIA A40, 0, 14.60, 0
2026/06/19 15:51:19.186, 0, NVIDIA A40, 0, 14.60, 0
2026/06/19 15:51:19.693, 0, NVIDIA A40, 0, 14.99, 0
2026/06/19 15:51:20.200, 0, NVIDIA A40, 0, 14.99, 0
2026/06/19 15:51:20.708, 0, NVIDIA A40, 0, 15.09, 0
2026/06/19 15:51:21.215, 0, NVIDIA A40, 0, 15.09, 0
2026/06/19 15:51:21.722, 0, NVIDIA A40, 0, 14.85, 0
2026/06/19 15:51:22.229, 0, NVIDIA A40, 0, 14.85, 0
2026/06/19 15:51:22.736, 0, NVIDIA A40, 0, 14.90, 0
2026/06/19 15:51:23.243, 0, NVIDIA A40, 0, 14.90, 0
2026/06/19 15:51:23.751, 0, NVIDIA A40, 0, 14.85, 0
2026/06/19 15:51:24.258, 0, NVIDIA A40, 0, 14.85, 0
2026/06/19 15:51:24.765, 0, NVIDIA A40, 0, 14.94, 0
2026/06/19 15:51:25.273, 0, NVIDIA A40, 0, 14.94, 0
2026/06/19 15:51:25.780, 0, NVIDIA A40, 0, 15.09, 0
2026/06/19 15:51:26.287, 0, NVIDIA A40, 0, 15.09, 0
2026/06/19 15:51:26.795, 0, NVIDIA A40, 0, 15.04, 0
2026/06/19 15:51:27.302, 0, NVIDIA A40, 0, 15.04, 0
2026/06/19 15:51:27.810, 0, NVIDIA A40, 0, 14.99, 0
2026/06/19 15:51:28.317, 0, NVIDIA A40, 0, 14.99, 0
2026/06/19 15:51:28.825, 0, NVIDIA A40, 0, 15.73, 0
2026/06/19 15:51:29.332, 0, NVIDIA A40, 0, 15.73, 0
2026/06/19 15:51:29.840, 0, NVIDIA A40, 0, 15.68, 0
2026/06/19 15:51:30.347, 0, NVIDIA A40, 0, 15.68, 0
2026/06/19 15:51:30.855, 0, NVIDIA A40, 0, 16.66, 0
2026/06/19 15:51:31.362, 0, NVIDIA A40, 0, 16.17, 0
2026/06/19 15:51:31.870, 0, NVIDIA A40, 0, 16.17, 0
2026/06/19 15:51:32.377, 0, NVIDIA A40, 0, 14.60, 0
2026/06/19 15:51:32.885, 0, NVIDIA A40, 0, 14.60, 0
2026/06/19 15:51:33.392, 0, NVIDIA A40, 0, 14.90, 0
2026/06/19 15:51:33.899, 0, NVIDIA A40, 0, 14.90, 0
2026/06/19 15:51:34.407, 0, NVIDIA A40, 0, 15.09, 0
2026/06/19 15:51:34.914, 0, NVIDIA A40, 0, 15.09, 0
2026/06/19 15:51:35.421, 0, NVIDIA A40, 0, 14.80, 0
2026/06/19 15:51:35.929, 0, NVIDIA A40, 0, 14.80, 0
2026/06/19 15:51:36.436, 0, NVIDIA A40, 0, 14.85, 0
2026/06/19 15:51:36.944, 0, NVIDIA A40, 0, 14.85, 0
2026/06/19 15:51:37.451, 0, NVIDIA A40, 0, 15.19, 0
2026/06/19 15:51:37.959, 0, NVIDIA A40, 0, 15.19, 0
2026/06/19 15:51:38.466, 0, NVIDIA A40, 0, 14.90, 0
2026/06/19 15:51:38.974, 0, NVIDIA A40, 0, 14.90, 0
2026/06/19 15:51:39.481, 0, NVIDIA A40, 0, 14.46, 0
2026/06/19 15:51:39.989, 0, NVIDIA A40, 0, 14.46, 0
2026/06/19 15:51:40.496, 0, NVIDIA A40, 0, 18.07, 0
2026/06/19 15:51:41.004, 0, NVIDIA A40, 0, 18.07, 0
2026/06/19 15:51:41.511, 0, NVIDIA A40, 0, 18.22, 0
2026/06/19 15:51:42.019, 0, NVIDIA A40, 0, 18.22, 0
2026/06/19 15:51:42.526, 0, NVIDIA A40, 0, 14.75, 0
2026/06/19 15:51:43.033, 0, NVIDIA A40, 0, 14.75, 0
2026/06/19 15:51:43.541, 0, NVIDIA A40, 0, 14.70, 0
2026/06/19 15:51:44.048, 0, NVIDIA A40, 0, 14.70, 0
2026/06/19 15:51:44.556, 0, NVIDIA A40, 0, 14.85, 0
2026/06/19 15:51:45.063, 0, NVIDIA A40, 0, 14.85, 0
2026/06/19 15:51:45.571, 0, NVIDIA A40, 0, 15.04, 0
2026/06/19 15:51:46.078, 0, NVIDIA A40, 0, 15.04, 0
2026/06/19 15:51:46.586, 0, NVIDIA A40, 0, 14.75, 0
2026/06/19 15:51:47.093, 0, NVIDIA A40, 0, 14.75, 0
2026/06/19 15:51:47.600, 0, NVIDIA A40, 0, 14.51, 0
2026/06/19 15:51:48.108, 0, NVIDIA A40, 0, 14.51, 0
2026/06/19 15:51:48.615, 0, NVIDIA A40, 0, 14.60, 0
2026/06/19 15:51:49.123, 0, NVIDIA A40, 0, 14.60, 0
2026/06/19 15:51:49.630, 0, NVIDIA A40, 0, 14.75, 0
2026/06/19 15:51:50.138, 0, NVIDIA A40, 0, 14.75, 0
2026/06/19 15:51:50.645, 0, NVIDIA A40, 0, 14.94, 0
2026/06/19 15:51:51.153, 0, NVIDIA A40, 0, 14.94, 0
2026/06/19 15:51:51.660, 0, NVIDIA A40, 0, 14.90, 0
2026/06/19 15:51:52.168, 0, NVIDIA A40, 0, 14.90, 0
2026/06/19 15:51:52.675, 0, NVIDIA A40, 0, 14.70, 0
2026/06/19 15:51:53.183, 0, NVIDIA A40, 0, 14.70, 0
2026/06/19 15:51:53.690, 0, NVIDIA A40, 0, 14.95, 0
2026/06/19 15:51:54.198, 0, NVIDIA A40, 0, 14.95, 0
2026/06/19 15:51:54.705, 0, NVIDIA A40, 0, 14.94, 0
2026/06/19 15:51:55.212, 0, NVIDIA A40, 0, 14.94, 0
2026/06/19 15:51:55.719, 0, NVIDIA A40, 0, 14.80, 0
2026/06/19 15:51:56.226, 0, NVIDIA A40, 0, 14.80, 0
2026/06/19 15:51:56.734, 0, NVIDIA A40, 0, 14.65, 0
2026/06/19 15:51:57.241, 0, NVIDIA A40, 0, 14.65, 0
2026/06/19 15:51:57.748, 0, NVIDIA A40, 0, 14.75, 0
2026/06/19 15:51:58.255, 0, NVIDIA A40, 0, 14.75, 0
2026/06/19 15:51:58.762, 0, NVIDIA A40, 0, 14.94, 0
2026/06/19 15:51:59.269, 0, NVIDIA A40, 0, 14.94, 0
2026/06/19 15:51:59.777, 0, NVIDIA A40, 0, 14.85, 0
2026/06/19 15:52:00.284, 0, NVIDIA A40, 0, 14.85, 0
2026/06/19 15:52:00.792, 0, NVIDIA A40, 0, 14.70, 0
2026/06/19 15:52:01.299, 0, NVIDIA A40, 0, 14.70, 0
2026/06/19 15:52:01.807, 0, NVIDIA A40, 0, 14.99, 0
2026/06/19 15:52:02.314, 0, NVIDIA A40, 0, 14.99, 0
2026/06/19 15:52:02.822, 0, NVIDIA A40, 0, 15.29, 0
2026/06/19 15:52:03.329, 0, NVIDIA A40, 0, 15.29, 0
2026/06/19 15:52:03.836, 0, NVIDIA A40, 0, 15.87, 0
2026/06/19 15:52:04.344, 0, NVIDIA A40, 0, 15.87, 0
2026/06/19 15:52:04.851, 0, NVIDIA A40, 0, 17.44, 0
2026/06/19 15:52:05.359, 0, NVIDIA A40, 0, 14.75, 0
2026/06/19 15:52:05.866, 0, NVIDIA A40, 0, 14.75, 0
2026/06/19 15:52:06.373, 0, NVIDIA A40, 0, 14.80, 0
2026/06/19 15:52:06.881, 0, NVIDIA A40, 0, 14.80, 0
2026/06/19 15:52:07.388, 0, NVIDIA A40, 0, 14.65, 0
2026/06/19 15:52:07.896, 0, NVIDIA A40, 0, 14.65, 0
2026/06/19 15:52:08.403, 0, NVIDIA A40, 0, 14.75, 0
2026/06/19 15:52:08.911, 0, NVIDIA A40, 0, 14.75, 0
2026/06/19 15:52:09.418, 0, NVIDIA A40, 0, 14.90, 0
2026/06/19 15:52:09.926, 0, NVIDIA A40, 0, 14.90, 0
2026/06/19 15:52:10.433, 0, NVIDIA A40, 0, 14.85, 0
2026/06/19 15:52:10.941, 0, NVIDIA A40, 0, 14.85, 0
2026/06/19 15:52:11.448, 0, NVIDIA A40, 0, 14.60, 0
2026/06/19 15:52:11.956, 0, NVIDIA A40, 0, 14.60, 0
2026/06/19 15:52:12.463, 0, NVIDIA A40, 0, 14.65, 0
2026/06/19 15:52:12.971, 0, NVIDIA A40, 0, 14.65, 0
2026/06/19 15:52:13.478, 0, NVIDIA A40, 0, 14.94, 0
2026/06/19 15:52:13.985, 0, NVIDIA A40, 0, 14.94, 0
2026/06/19 15:52:14.493, 0, NVIDIA A40, 0, 14.85, 0
2026/06/19 15:52:15.000, 0, NVIDIA A40, 0, 14.85, 0
2026/06/19 15:52:15.507, 0, NVIDIA A40, 0, 14.65, 0
2026/06/19 15:52:16.015, 0, NVIDIA A40, 0, 14.65, 0
2026/06/19 15:52:16.522, 0, NVIDIA A40, 0, 14.60, 0
2026/06/19 15:52:17.030, 0, NVIDIA A40, 0, 14.60, 0
2026/06/19 15:52:17.537, 0, NVIDIA A40, 0, 14.55, 0
2026/06/19 15:52:18.045, 0, NVIDIA A40, 0, 14.55, 0
2026/06/19 15:52:18.553, 0, NVIDIA A40, 0, 14.94, 0
2026/06/19 15:52:19.060, 0, NVIDIA A40, 0, 14.94, 0
2026/06/19 15:52:19.567, 0, NVIDIA A40, 0, 15.09, 0
2026/06/19 15:52:20.075, 0, NVIDIA A40, 0, 15.09, 0
2026/06/19 15:52:20.582, 0, NVIDIA A40, 0, 14.80, 0
2026/06/19 15:52:21.090, 0, NVIDIA A40, 0, 14.80, 0
2026/06/19 15:52:21.597, 0, NVIDIA A40, 0, 15.73, 0
2026/06/19 15:52:22.105, 0, NVIDIA A40, 0, 15.73, 0
2026/06/19 15:52:22.612, 0, NVIDIA A40, 0, 15.58, 0
2026/06/19 15:52:23.120, 0, NVIDIA A40, 0, 15.58, 0
2026/06/19 15:52:23.627, 0, NVIDIA A40, 0, 14.51, 0
2026/06/19 15:52:24.135, 0, NVIDIA A40, 0, 14.51, 0
2026/06/19 15:52:24.642, 0, NVIDIA A40, 0, 24.81, 0
2026/06/19 15:52:25.150, 0, NVIDIA A40, 0, 24.81, 0
2026/06/19 15:52:25.657, 0, NVIDIA A40, 0, 19.74, 0
2026/06/19 15:52:26.165, 0, NVIDIA A40, 0, 19.74, 0
2026/06/19 15:52:26.672, 0, NVIDIA A40, 0, 14.85, 0
2026/06/19 15:52:27.179, 0, NVIDIA A40, 0, 14.85, 0
2026/06/19 15:52:27.687, 0, NVIDIA A40, 0, 14.90, 0
2026/06/19 15:52:28.194, 0, NVIDIA A40, 0, 14.90, 0
2026/06/19 15:52:28.701, 0, NVIDIA A40, 0, 14.70, 0
2026/06/19 15:52:29.209, 0, NVIDIA A40, 0, 14.70, 0
2026/06/19 15:52:29.716, 0, NVIDIA A40, 0, 14.55, 0
2026/06/19 15:52:30.223, 0, NVIDIA A40, 0, 14.55, 0
2026/06/19 15:52:30.731, 0, NVIDIA A40, 0, 14.50, 0
2026/06/19 15:52:31.238, 0, NVIDIA A40, 0, 14.50, 0
2026/06/19 15:52:31.745, 0, NVIDIA A40, 0, 14.56, 0
2026/06/19 15:52:32.252, 0, NVIDIA A40, 0, 14.56, 0
2026/06/19 15:52:32.759, 0, NVIDIA A40, 0, 15.00, 0
2026/06/19 15:52:33.266, 0, NVIDIA A40, 0, 15.00, 0
2026/06/19 15:52:33.773, 0, NVIDIA A40, 0, 15.09, 0
2026/06/19 15:52:34.281, 0, NVIDIA A40, 0, 15.09, 0
2026/06/19 15:52:34.788, 0, NVIDIA A40, 0, 14.85, 0
2026/06/19 15:52:35.295, 0, NVIDIA A40, 0, 14.85, 0
2026/06/19 15:52:35.803, 0, NVIDIA A40, 0, 15.14, 0
2026/06/19 15:52:36.310, 0, NVIDIA A40, 0, 15.14, 0
2026/06/19 15:52:36.818, 0, NVIDIA A40, 0, 15.53, 0
2026/06/19 15:52:37.325, 0, NVIDIA A40, 0, 15.53, 0
2026/06/19 15:52:37.833, 0, NVIDIA A40, 0, 16.61, 0
2026/06/19 15:52:38.340, 0, NVIDIA A40, 0, 16.22, 0
2026/06/19 15:52:38.848, 0, NVIDIA A40, 0, 16.22, 0
2026/06/19 15:52:39.355, 0, NVIDIA A40, 0, 14.80, 0
2026/06/19 15:52:39.863, 0, NVIDIA A40, 0, 14.80, 0
2026/06/19 15:52:40.370, 0, NVIDIA A40, 0, 14.80, 0
2026/06/19 15:52:40.877, 0, NVIDIA A40, 0, 14.80, 0
2026/06/19 15:52:41.385, 0, NVIDIA A40, 0, 14.80, 0
2026/06/19 15:52:41.892, 0, NVIDIA A40, 0, 14.80, 0
2026/06/19 15:52:42.400, 0, NVIDIA A40, 0, 14.75, 0
2026/06/19 15:52:42.908, 0, NVIDIA A40, 0, 14.75, 0
2026/06/19 15:52:43.415, 0, NVIDIA A40, 0, 14.90, 0
2026/06/19 15:52:43.922, 0, NVIDIA A40, 0, 14.90, 0
2026/06/19 15:52:44.430, 0, NVIDIA A40, 0, 14.94, 0
2026/06/19 15:52:44.937, 0, NVIDIA A40, 0, 14.94, 0
2026/06/19 15:52:45.445, 0, NVIDIA A40, 0, 14.70, 0
2026/06/19 15:52:45.952, 0, NVIDIA A40, 0, 14.70, 0
2026/06/19 15:52:46.459, 0, NVIDIA A40, 0, 15.04, 0
2026/06/19 15:52:46.967, 0, NVIDIA A40, 0, 15.04, 0
2026/06/19 15:52:47.474, 0, NVIDIA A40, 0, 14.80, 0
2026/06/19 15:52:47.982, 0, NVIDIA A40, 0, 14.80, 0
2026/06/19 15:52:48.489, 0, NVIDIA A40, 0, 14.55, 0
2026/06/19 15:52:48.997, 0, NVIDIA A40, 0, 14.55, 0
2026/06/19 15:52:49.504, 0, NVIDIA A40, 0, 14.80, 0
2026/06/19 15:52:50.012, 0, NVIDIA A40, 0, 14.80, 0
2026/06/19 15:52:50.519, 0, NVIDIA A40, 0, 14.85, 0
2026/06/19 15:52:51.027, 0, NVIDIA A40, 0, 14.85, 0
2026/06/19 15:52:51.534, 0, NVIDIA A40, 0, 14.65, 0
2026/06/19 15:52:52.042, 0, NVIDIA A40, 0, 14.65, 0
2026/06/19 15:52:52.548, 0, NVIDIA A40, 0, 14.60, 0
2026/06/19 15:52:53.056, 0, NVIDIA A40, 0, 14.60, 0
2026/06/19 15:52:53.563, 0, NVIDIA A40, 0, 14.56, 0
2026/06/19 15:52:54.071, 0, NVIDIA A40, 0, 14.56, 0
2026/06/19 15:52:54.578, 0, NVIDIA A40, 0, 14.60, 0
2026/06/19 15:52:55.086, 0, NVIDIA A40, 0, 14.60, 0
2026/06/19 15:52:55.593, 0, NVIDIA A40, 0, 14.65, 0
2026/06/19 15:52:56.101, 0, NVIDIA A40, 0, 14.65, 0
2026/06/19 15:52:56.608, 0, NVIDIA A40, 0, 14.70, 0
2026/06/19 15:52:57.116, 0, NVIDIA A40, 0, 14.70, 0
2026/06/19 15:52:57.623, 0, NVIDIA A40, 0, 14.80, 0
2026/06/19 15:52:58.131, 0, NVIDIA A40, 0, 14.80, 0
2026/06/19 15:52:58.638, 0, NVIDIA A40, 0, 14.65, 0
2026/06/19 15:52:59.146, 0, NVIDIA A40, 0, 14.65, 0
2026/06/19 15:52:59.653, 0, NVIDIA A40, 0, 14.75, 0
2026/06/19 15:53:00.161, 0, NVIDIA A40, 0, 14.75, 0
2026/06/19 15:53:00.668, 0, NVIDIA A40, 0, 15.04, 0
2026/06/19 15:53:01.176, 0, NVIDIA A40, 0, 15.04, 0
2026/06/19 15:53:01.683, 0, NVIDIA A40, 0, 14.90, 0
2026/06/19 15:53:02.191, 0, NVIDIA A40, 0, 14.90, 0
2026/06/19 15:53:02.698, 0, NVIDIA A40, 0, 15.04, 0
2026/06/19 15:53:03.206, 0, NVIDIA A40, 0, 15.04, 0
2026/06/19 15:53:03.713, 0, NVIDIA A40, 0, 15.04, 0
2026/06/19 15:53:04.221, 0, NVIDIA A40, 0, 15.04, 0
2026/06/19 15:53:04.728, 0, NVIDIA A40, 0, 14.85, 0
2026/06/19 15:53:05.235, 0, NVIDIA A40, 0, 14.85, 0
2026/06/19 15:53:05.742, 0, NVIDIA A40, 0, 20.51, 0
2026/06/19 15:53:06.249, 0, NVIDIA A40, 0, 20.51, 0
2026/06/19 15:53:06.756, 0, NVIDIA A40, 0, 20.51, 0
2026/06/19 15:53:07.263, 0, NVIDIA A40, 0, 20.51, 0
2026/06/19 15:53:07.770, 0, NVIDIA A40, 0, 14.75, 0
2026/06/19 15:53:08.277, 0, NVIDIA A40, 0, 14.75, 0
2026/06/19 15:53:08.784, 0, NVIDIA A40, 0, 14.80, 0
2026/06/19 15:53:09.291, 0, NVIDIA A40, 0, 14.80, 0
2026/06/19 15:53:09.799, 0, NVIDIA A40, 0, 15.19, 0
2026/06/19 15:53:10.306, 0, NVIDIA A40, 0, 15.19, 0
2026/06/19 15:53:10.814, 0, NVIDIA A40, 0, 15.87, 0
2026/06/19 15:53:11.321, 0, NVIDIA A40, 0, 15.87, 0
2026/06/19 15:53:11.829, 0, NVIDIA A40, 0, 17.53, 0
2026/06/19 15:53:12.336, 0, NVIDIA A40, 0, 14.75, 0
2026/06/19 15:53:12.844, 0, NVIDIA A40, 0, 14.75, 0
2026/06/19 15:53:13.351, 0, NVIDIA A40, 0, 14.75, 0
2026/06/19 15:53:13.859, 0, NVIDIA A40, 0, 14.75, 0
2026/06/19 15:53:14.366, 0, NVIDIA A40, 0, 14.85, 0
2026/06/19 15:53:14.873, 0, NVIDIA A40, 0, 14.85, 0
2026/06/19 15:53:15.380, 0, NVIDIA A40, 0, 14.85, 0
2026/06/19 15:53:15.888, 0, NVIDIA A40, 0, 14.85, 0
2026/06/19 15:53:16.395, 0, NVIDIA A40, 0, 14.75, 0
2026/06/19 15:53:16.903, 0, NVIDIA A40, 0, 14.75, 0
2026/06/19 15:53:17.410, 0, NVIDIA A40, 0, 15.53, 0
2026/06/19 15:53:17.918, 0, NVIDIA A40, 0, 15.53, 0
2026/06/19 15:53:18.425, 0, NVIDIA A40, 0, 15.48, 0
2026/06/19 15:53:18.933, 0, NVIDIA A40, 0, 15.48, 0
2026/06/19 15:53:19.440, 0, NVIDIA A40, 0, 15.09, 0
2026/06/19 15:53:19.947, 0, NVIDIA A40, 0, 15.09, 0
2026/06/19 15:53:20.454, 0, NVIDIA A40, 0, 14.75, 0
2026/06/19 15:53:20.962, 0, NVIDIA A40, 0, 14.75, 0
2026/06/19 15:53:21.469, 0, NVIDIA A40, 0, 14.65, 0
2026/06/19 15:53:21.977, 0, NVIDIA A40, 0, 14.65, 0
2026/06/19 15:53:22.484, 0, NVIDIA A40, 0, 14.65, 0
2026/06/19 15:53:22.992, 0, NVIDIA A40, 0, 14.65, 0
2026/06/19 15:53:23.499, 0, NVIDIA A40, 0, 14.85, 0
2026/06/19 15:53:24.007, 0, NVIDIA A40, 0, 14.85, 0
2026/06/19 15:53:24.514, 0, NVIDIA A40, 0, 14.94, 0
2026/06/19 15:53:25.022, 0, NVIDIA A40, 0, 14.94, 0
2026/06/19 15:53:25.529, 0, NVIDIA A40, 0, 15.04, 0
2026/06/19 15:53:26.037, 0, NVIDIA A40, 0, 15.04, 0
2026/06/19 15:53:26.544, 0, NVIDIA A40, 0, 14.94, 0
2026/06/19 15:53:27.051, 0, NVIDIA A40, 0, 14.94, 0
2026/06/19 15:53:27.559, 0, NVIDIA A40, 0, 14.75, 0
2026/06/19 15:53:28.066, 0, NVIDIA A40, 0, 14.75, 0
2026/06/19 15:53:28.574, 0, NVIDIA A40, 0, 14.60, 0
2026/06/19 15:53:29.081, 0, NVIDIA A40, 0, 14.60, 0
2026/06/19 15:53:29.588, 0, NVIDIA A40, 0, 14.60, 0
2026/06/19 15:53:30.096, 0, NVIDIA A40, 0, 14.60, 0
2026/06/19 15:53:30.603, 0, NVIDIA A40, 0, 14.65, 0
2026/06/19 15:53:31.111, 0, NVIDIA A40, 0, 14.65, 0
2026/06/19 15:53:31.620, 0, NVIDIA A40, 0, 14.75, 0
2026/06/19 15:53:32.128, 0, NVIDIA A40, 0, 14.75, 0
2026/06/19 15:53:32.635, 0, NVIDIA A40, 0, 14.80, 0
2026/06/19 15:53:33.143, 0, NVIDIA A40, 0, 14.80, 0
2026/06/19 15:53:33.650, 0, NVIDIA A40, 0, 14.75, 0
2026/06/19 15:53:34.157, 0, NVIDIA A40, 0, 14.75, 0
2026/06/19 15:53:34.664, 0, NVIDIA A40, 0, 14.90, 0
2026/06/19 15:53:35.172, 0, NVIDIA A40, 0, 14.90, 0
2026/06/19 15:53:35.679, 0, NVIDIA A40, 0, 14.94, 0
2026/06/19 15:53:36.187, 0, NVIDIA A40, 0, 14.94, 0
2026/06/19 15:53:36.694, 0, NVIDIA A40, 0, 14.75, 0
2026/06/19 15:53:37.202, 0, NVIDIA A40, 0, 14.75, 0
2026/06/19 15:53:37.709, 0, NVIDIA A40, 0, 14.65, 0
2026/06/19 15:53:38.217, 0, NVIDIA A40, 0, 14.65, 0
2026/06/19 15:53:38.724, 0, NVIDIA A40, 0, 14.65, 0
2026/06/19 15:53:39.232, 0, NVIDIA A40, 0, 14.65, 0
2026/06/19 15:53:39.739, 0, NVIDIA A40, 0, 15.04, 0
2026/06/19 15:53:40.246, 0, NVIDIA A40, 0, 15.04, 0
2026/06/19 15:53:40.753, 0, NVIDIA A40, 0, 15.09, 0
2026/06/19 15:53:41.260, 0, NVIDIA A40, 0, 15.09, 0
2026/06/19 15:53:41.768, 0, NVIDIA A40, 0, 14.99, 0
2026/06/19 15:53:42.275, 0, NVIDIA A40, 0, 14.99, 0
2026/06/19 15:53:42.782, 0, NVIDIA A40, 0, 15.09, 0
2026/06/19 15:53:43.289, 0, NVIDIA A40, 0, 15.09, 0
2026/06/19 15:53:43.797, 0, NVIDIA A40, 0, 16.12, 0
2026/06/19 15:53:44.304, 0, NVIDIA A40, 0, 16.12, 0
2026/06/19 15:53:44.811, 0, NVIDIA A40, 0, 16.95, 0
2026/06/19 15:53:45.318, 0, NVIDIA A40, 0, 16.22, 0
2026/06/19 15:53:45.826, 0, NVIDIA A40, 0, 16.22, 0
2026/06/19 15:53:46.333, 0, NVIDIA A40, 0, 16.51, 0
2026/06/19 15:53:46.841, 0, NVIDIA A40, 0, 16.51, 0
2026/06/19 15:53:47.348, 0, NVIDIA A40, 0, 16.51, 0
2026/06/19 15:53:47.856, 0, NVIDIA A40, 0, 16.51, 0
2026/06/19 15:53:48.363, 0, NVIDIA A40, 0, 14.90, 0
2026/06/19 15:53:48.870, 0, NVIDIA A40, 0, 14.90, 0
2026/06/19 15:53:49.378, 0, NVIDIA A40, 0, 17.29, 0
2026/06/19 15:53:49.886, 0, NVIDIA A40, 0, 17.29, 0
2026/06/19 15:53:50.393, 0, NVIDIA A40, 0, 16.08, 0
2026/06/19 15:53:50.900, 0, NVIDIA A40, 0, 16.08, 0
2026/06/19 15:53:51.408, 0, NVIDIA A40, 0, 14.85, 0
2026/06/19 15:53:51.915, 0, NVIDIA A40, 0, 14.85, 0
2026/06/19 15:53:52.422, 0, NVIDIA A40, 0, 14.99, 0
2026/06/19 15:53:52.930, 0, NVIDIA A40, 0, 14.99, 0
2026/06/19 15:53:53.437, 0, NVIDIA A40, 0, 14.99, 0
2026/06/19 15:53:53.945, 0, NVIDIA A40, 0, 14.99, 0
2026/06/19 15:53:54.452, 0, NVIDIA A40, 0, 14.85, 0
2026/06/19 15:53:54.960, 0, NVIDIA A40, 0, 14.85, 0
2026/06/19 15:53:55.467, 0, NVIDIA A40, 0, 14.94, 0
2026/06/19 15:53:55.975, 0, NVIDIA A40, 0, 14.94, 0
2026/06/19 15:53:56.482, 0, NVIDIA A40, 0, 15.04, 0
2026/06/19 15:53:56.989, 0, NVIDIA A40, 0, 15.04, 0
2026/06/19 15:53:57.497, 0, NVIDIA A40, 0, 15.34, 0
2026/06/19 15:53:58.004, 0, NVIDIA A40, 0, 15.34, 0
2026/06/19 15:53:58.511, 0, NVIDIA A40, 0, 15.14, 0
2026/06/19 15:53:59.019, 0, NVIDIA A40, 0, 15.14, 0
2026/06/19 15:53:59.526, 0, NVIDIA A40, 0, 15.14, 0
2026/06/19 15:54:00.034, 0, NVIDIA A40, 0, 15.14, 0
2026/06/19 15:54:00.541, 0, NVIDIA A40, 0, 15.29, 0
2026/06/19 15:54:01.049, 0, NVIDIA A40, 0, 15.29, 0
2026/06/19 15:54:01.556, 0, NVIDIA A40, 0, 15.04, 0
2026/06/19 15:54:02.064, 0, NVIDIA A40, 0, 15.04, 0
2026/06/19 15:54:02.571, 0, NVIDIA A40, 0, 14.80, 0
2026/06/19 15:54:03.079, 0, NVIDIA A40, 0, 14.80, 0
2026/06/19 15:54:03.586, 0, NVIDIA A40, 0, 14.94, 0
2026/06/19 15:54:04.093, 0, NVIDIA A40, 0, 14.94, 0
2026/06/19 15:54:04.601, 0, NVIDIA A40, 0, 15.04, 0
2026/06/19 15:54:05.108, 0, NVIDIA A40, 0, 15.04, 0
2026/06/19 15:54:05.616, 0, NVIDIA A40, 0, 15.34, 0
2026/06/19 15:54:06.124, 0, NVIDIA A40, 0, 15.34, 0
2026/06/19 15:54:06.631, 0, NVIDIA A40, 0, 15.09, 0
2026/06/19 15:54:07.139, 0, NVIDIA A40, 0, 15.09, 0
2026/06/19 15:54:07.646, 0, NVIDIA A40, 0, 14.94, 0
2026/06/19 15:54:08.153, 0, NVIDIA A40, 0, 14.94, 0
2026/06/19 15:54:08.660, 0, NVIDIA A40, 0, 15.14, 0
2026/06/19 15:54:09.168, 0, NVIDIA A40, 0, 15.14, 0
2026/06/19 15:54:09.675, 0, NVIDIA A40, 0, 15.19, 0
2026/06/19 15:54:10.183, 0, NVIDIA A40, 0, 15.19, 0
2026/06/19 15:54:10.690, 0, NVIDIA A40, 0, 15.00, 0
2026/06/19 15:54:11.198, 0, NVIDIA A40, 0, 15.00, 0
2026/06/19 15:54:11.705, 0, NVIDIA A40, 0, 14.80, 0
2026/06/19 15:54:12.213, 0, NVIDIA A40, 0, 14.80, 0
2026/06/19 15:54:12.720, 0, NVIDIA A40, 0, 14.75, 0
2026/06/19 15:54:13.228, 0, NVIDIA A40, 0, 14.75, 0
2026/06/19 15:54:13.735, 0, NVIDIA A40, 0, 15.34, 0
2026/06/19 15:54:14.242, 0, NVIDIA A40, 0, 15.34, 0
2026/06/19 15:54:14.749, 0, NVIDIA A40, 0, 15.14, 0
2026/06/19 15:54:15.257, 0, NVIDIA A40, 0, 15.14, 0
2026/06/19 15:54:15.763, 0, NVIDIA A40, 0, 15.04, 0
2026/06/19 15:54:16.271, 0, NVIDIA A40, 0, 15.04, 0
2026/06/19 15:54:16.778, 0, NVIDIA A40, 0, 15.43, 0
2026/06/19 15:54:17.285, 0, NVIDIA A40, 0, 15.43, 0
2026/06/19 15:54:17.792, 0, NVIDIA A40, 0, 16.12, 0
2026/06/19 15:54:18.299, 0, NVIDIA A40, 0, 16.12, 0
2026/06/19 15:54:18.807, 0, NVIDIA A40, 0, 17.68, 0
2026/06/19 15:54:19.314, 0, NVIDIA A40, 0, 14.75, 0
2026/06/19 15:54:19.821, 0, NVIDIA A40, 0, 14.75, 0
2026/06/19 15:54:20.329, 0, NVIDIA A40, 0, 14.90, 0
2026/06/19 15:54:20.836, 0, NVIDIA A40, 0, 14.90, 0
2026/06/19 15:54:21.343, 0, NVIDIA A40, 0, 15.09, 0
2026/06/19 15:54:21.851, 0, NVIDIA A40, 0, 15.09, 0
2026/06/19 15:54:22.358, 0, NVIDIA A40, 0, 14.99, 0
2026/06/19 15:54:22.866, 0, NVIDIA A40, 0, 14.99, 0
2026/06/19 15:54:23.373, 0, NVIDIA A40, 0, 14.94, 0
2026/06/19 15:54:23.881, 0, NVIDIA A40, 0, 14.94, 0
2026/06/19 15:54:24.388, 0, NVIDIA A40, 0, 15.14, 0
2026/06/19 15:54:24.896, 0, NVIDIA A40, 0, 15.14, 0
2026/06/19 15:54:25.403, 0, NVIDIA A40, 0, 15.04, 0
2026/06/19 15:54:25.910, 0, NVIDIA A40, 0, 15.04, 0
2026/06/19 15:54:26.417, 0, NVIDIA A40, 0, 14.90, 0
2026/06/19 15:54:26.925, 0, NVIDIA A40, 0, 14.90, 0
2026/06/19 15:54:27.432, 0, NVIDIA A40, 0, 15.39, 0
2026/06/19 15:54:27.940, 0, NVIDIA A40, 0, 15.39, 0
2026/06/19 15:54:28.447, 0, NVIDIA A40, 0, 15.34, 0
2026/06/19 15:54:28.955, 0, NVIDIA A40, 0, 15.34, 0
2026/06/19 15:54:29.462, 0, NVIDIA A40, 0, 14.94, 0
2026/06/19 15:54:29.970, 0, NVIDIA A40, 0, 14.94, 0
2026/06/19 15:54:30.476, 0, NVIDIA A40, 0, 28.22, 0
2026/06/19 15:54:30.984, 0, NVIDIA A40, 0, 28.22, 0
2026/06/19 15:54:31.491, 0, NVIDIA A40, 0, 21.73, 0
2026/06/19 15:54:31.999, 0, NVIDIA A40, 0, 21.73, 0
2026/06/19 15:54:32.506, 0, NVIDIA A40, 0, 15.34, 0
2026/06/19 15:54:33.014, 0, NVIDIA A40, 0, 15.34, 0
2026/06/19 15:54:33.521, 0, NVIDIA A40, 0, 15.92, 0
2026/06/19 15:54:34.029, 0, NVIDIA A40, 0, 15.92, 0
2026/06/19 15:54:34.536, 0, NVIDIA A40, 0, 15.48, 0
2026/06/19 15:54:35.044, 0, NVIDIA A40, 0, 15.48, 0
2026/06/19 15:54:35.551, 0, NVIDIA A40, 0, 15.73, 0
2026/06/19 15:54:36.058, 0, NVIDIA A40, 0, 15.73, 0
2026/06/19 15:54:36.566, 0, NVIDIA A40, 0, 15.48, 0
2026/06/19 15:54:37.073, 0, NVIDIA A40, 0, 15.48, 0
2026/06/19 15:54:37.581, 0, NVIDIA A40, 0, 15.29, 0
2026/06/19 15:54:38.088, 0, NVIDIA A40, 0, 15.29, 0
2026/06/19 15:54:38.595, 0, NVIDIA A40, 0, 15.73, 0
2026/06/19 15:54:39.103, 0, NVIDIA A40, 0, 15.73, 0
2026/06/19 15:54:39.610, 0, NVIDIA A40, 0, 15.43, 0
2026/06/19 15:54:40.118, 0, NVIDIA A40, 0, 15.43, 0
2026/06/19 15:54:40.625, 0, NVIDIA A40, 0, 14.99, 0
2026/06/19 15:54:41.133, 0, NVIDIA A40, 0, 14.99, 0
2026/06/19 15:54:41.640, 0, NVIDIA A40, 0, 15.53, 0
2026/06/19 15:54:42.148, 0, NVIDIA A40, 0, 15.53, 0
2026/06/19 15:54:42.655, 0, NVIDIA A40, 0, 15.48, 0
2026/06/19 15:54:43.163, 0, NVIDIA A40, 0, 15.48, 0
2026/06/19 15:54:43.670, 0, NVIDIA A40, 0, 15.48, 0
2026/06/19 15:54:44.177, 0, NVIDIA A40, 0, 15.48, 0
2026/06/19 15:54:44.685, 0, NVIDIA A40, 0, 15.63, 0
2026/06/19 15:54:45.192, 0, NVIDIA A40, 0, 15.63, 0
2026/06/19 15:54:45.699, 0, NVIDIA A40, 0, 15.43, 0
2026/06/19 15:54:46.207, 0, NVIDIA A40, 0, 15.43, 0
2026/06/19 15:54:46.714, 0, NVIDIA A40, 0, 15.53, 0
2026/06/19 15:54:47.222, 0, NVIDIA A40, 0, 15.53, 0
2026/06/19 15:54:47.729, 0, NVIDIA A40, 0, 16.02, 0
2026/06/19 15:54:48.237, 0, NVIDIA A40, 0, 16.02, 0
2026/06/19 15:54:48.744, 0, NVIDIA A40, 0, 15.43, 0
2026/06/19 15:54:49.251, 0, NVIDIA A40, 0, 15.43, 0
2026/06/19 15:54:49.759, 0, NVIDIA A40, 0, 14.90, 0
2026/06/19 15:54:50.266, 0, NVIDIA A40, 0, 14.90, 0
2026/06/19 15:54:50.773, 0, NVIDIA A40, 0, 15.14, 0
2026/06/19 15:54:51.280, 0, NVIDIA A40, 0, 15.14, 0
2026/06/19 15:54:51.787, 0, NVIDIA A40, 0, 16.12, 0
2026/06/19 15:54:52.294, 0, NVIDIA A40, 0, 16.12, 0
2026/06/19 15:54:52.801, 0, NVIDIA A40, 0, 16.12, 0
2026/06/19 15:54:53.309, 0, NVIDIA A40, 0, 14.99, 0
2026/06/19 15:54:53.816, 0, NVIDIA A40, 0, 14.99, 0
2026/06/19 15:54:54.323, 0, NVIDIA A40, 0, 14.60, 0
2026/06/19 15:54:54.831, 0, NVIDIA A40, 0, 14.60, 0
2026/06/19 15:54:55.338, 0, NVIDIA A40, 0, 14.65, 0
2026/06/19 15:54:55.846, 0, NVIDIA A40, 0, 14.65, 0
2026/06/19 15:54:56.353, 0, NVIDIA A40, 0, 14.75, 0
2026/06/19 15:54:56.861, 0, NVIDIA A40, 0, 14.75, 0
2026/06/19 15:54:57.368, 0, NVIDIA A40, 0, 14.80, 0
2026/06/19 15:54:57.876, 0, NVIDIA A40, 0, 14.80, 0
2026/06/19 15:54:58.383, 0, NVIDIA A40, 0, 15.05, 0
2026/06/19 15:54:58.890, 0, NVIDIA A40, 0, 15.05, 0
2026/06/19 15:54:59.398, 0, NVIDIA A40, 0, 15.14, 0
2026/06/19 15:54:59.906, 0, NVIDIA A40, 0, 15.14, 0
2026/06/19 15:55:00.413, 0, NVIDIA A40, 0, 14.94, 0
2026/06/19 15:55:00.920, 0, NVIDIA A40, 0, 14.94, 0
2026/06/19 15:55:01.427, 0, NVIDIA A40, 0, 14.94, 0
2026/06/19 15:55:01.935, 0, NVIDIA A40, 0, 14.94, 0
2026/06/19 15:55:02.442, 0, NVIDIA A40, 0, 14.90, 0
